dataset,seed,sample_id,condition,certified_radius,certifiable,at_ceiling
ciciomt2024,0,s218094,clean,0.0,0,0
ciciomt2024,0,s226051,clean,0.0,0,0
ciciomt2024,0,s647796,clean,0.0,0,0
ciciomt2024,0,s729596,clean,0.0,0,0
ciciomt2024,0,s746866,clean,0.0,0,0
ciciomt2024,0,s751746,clean,0.0,0,0
ciciomt2024,0,s688470,clean,0.0,0,0
ciciomt2024,0,s641303,clean,0.0,0,0
ciciomt2024,0,s765838,clean,0.0,0,0
ciciomt2024,0,s703890,clean,0.0,0,0
ciciomt2024,0,s649862,clean,0.0,0,0
ciciomt2024,0,s743071,clean,0.0,0,0
ciciomt2024,0,s236296,clean,0.0,0,0
ciciomt2024,0,s303012,clean,0.0,0,0
ciciomt2024,0,s168999,clean,0.0,0,0
ciciomt2024,0,s685802,clean,0.0,0,0
ciciomt2024,0,s654121,clean,0.0,0,0
ciciomt2024,0,s256708,clean,0.0,0,0
ciciomt2024,0,s730727,clean,0.0,0,0
ciciomt2024,0,s731082,clean,0.0,0,0
ciciomt2024,0,s291731,clean,0.0,0,0
ciciomt2024,0,s606224,clean,0.0,0,0
ciciomt2024,0,s729856,clean,0.0,0,0
ciciomt2024,0,s624991,clean,0.0,0,0
ciciomt2024,0,s239234,clean,0.0,0,0
ciciomt2024,0,s735619,clean,0.0,0,0
ciciomt2024,0,s573730,clean,0.0,0,0
ciciomt2024,0,s702415,clean,0.0,0,0
ciciomt2024,0,s598060,clean,0.0,0,0
ciciomt2024,0,s216657,clean,0.0,0,0
ciciomt2024,0,s243476,clean,0.0,0,0
ciciomt2024,0,s217520,clean,0.0,0,0
ciciomt2024,0,s267060,clean,0.0,0,0
ciciomt2024,0,s578882,clean,0.0,0,0
ciciomt2024,0,s606565,clean,0.0,0,0
ciciomt2024,0,s736244,clean,0.0,0,0
ciciomt2024,0,s270810,clean,0.0,0,0
ciciomt2024,0,s262876,clean,0.0,0,0
ciciomt2024,0,s721362,clean,0.0,0,0
ciciomt2024,0,s744934,clean,0.0,0,0
ciciomt2024,0,s302899,clean,0.0,0,0
ciciomt2024,0,s712445,clean,0.0,0,0
ciciomt2024,0,s630081,clean,0.0,0,0
ciciomt2024,0,s658220,clean,0.0,0,0
ciciomt2024,0,s679637,clean,0.0,0,0
ciciomt2024,0,s580728,clean,0.0,0,0
ciciomt2024,0,s686315,clean,0.0,0,0
ciciomt2024,0,s268227,clean,0.0,0,0
ciciomt2024,0,s176665,clean,0.0,0,0
ciciomt2024,0,s240975,clean,0.0,0,0
ciciomt2024,0,s658922,clean,0.0,0,0
ciciomt2024,0,s262117,clean,0.0,0,0
ciciomt2024,0,s700902,clean,0.0,0,0
ciciomt2024,0,s637499,clean,0.0,0,0
ciciomt2024,0,s212231,clean,0.0,0,0
ciciomt2024,0,s611003,clean,0.0,0,0
ciciomt2024,0,s600758,clean,0.0,0,0
ciciomt2024,0,s753562,clean,0.0,0,0
ciciomt2024,0,s204276,clean,0.0,0,0
ciciomt2024,0,s204557,clean,0.0,0,0
ciciomt2024,0,s218094,A1_misdirection,0.0,0,0
ciciomt2024,0,s226051,A1_misdirection,0.052433,1,0
ciciomt2024,0,s647796,A1_misdirection,0.046466,1,0
ciciomt2024,0,s729596,A1_misdirection,0.0,0,0
ciciomt2024,0,s746866,A1_misdirection,0.0,0,0
ciciomt2024,0,s751746,A1_misdirection,0.0,0,0
ciciomt2024,0,s688470,A1_misdirection,0.098295,1,1
ciciomt2024,0,s641303,A1_misdirection,0.098295,1,1
ciciomt2024,0,s765838,A1_misdirection,0.0,0,0
ciciomt2024,0,s703890,A1_misdirection,0.0,0,0
ciciomt2024,0,s649862,A1_misdirection,0.081508,1,0
ciciomt2024,0,s743071,A1_misdirection,0.088167,1,0
ciciomt2024,0,s236296,A1_misdirection,0.0,0,0
ciciomt2024,0,s303012,A1_misdirection,0.021675,1,0
ciciomt2024,0,s168999,A1_misdirection,0.0429,1,0
ciciomt2024,0,s685802,A1_misdirection,0.0,0,0
ciciomt2024,0,s654121,A1_misdirection,0.00907,1,0
ciciomt2024,0,s256708,A1_misdirection,0.0,0,0
ciciomt2024,0,s730727,A1_misdirection,0.005827,1,0
ciciomt2024,0,s731082,A1_misdirection,0.0,0,0
ciciomt2024,0,s291731,A1_misdirection,0.098295,1,1
ciciomt2024,0,s606224,A1_misdirection,0.013499,1,0
ciciomt2024,0,s729856,A1_misdirection,0.0,0,0
ciciomt2024,0,s624991,A1_misdirection,0.098295,1,1
ciciomt2024,0,s239234,A1_misdirection,0.098295,1,1
ciciomt2024,0,s735619,A1_misdirection,0.0,0,0
ciciomt2024,0,s573730,A1_misdirection,0.0,0,0
ciciomt2024,0,s702415,A1_misdirection,0.0,0,0
ciciomt2024,0,s598060,A1_misdirection,0.072099,1,0
ciciomt2024,0,s216657,A1_misdirection,0.0,0,0
ciciomt2024,0,s243476,A1_misdirection,0.00907,1,0
ciciomt2024,0,s217520,A1_misdirection,0.0,0,0
ciciomt2024,0,s267060,A1_misdirection,0.0,0,0
ciciomt2024,0,s578882,A1_misdirection,0.039583,1,0
ciciomt2024,0,s606565,A1_misdirection,0.0,0,0
ciciomt2024,0,s736244,A1_misdirection,0.0,0,0
ciciomt2024,0,s270810,A1_misdirection,0.0,0,0
ciciomt2024,0,s262876,A1_misdirection,0.0,0,0
ciciomt2024,0,s721362,A1_misdirection,0.0,0,0
ciciomt2024,0,s744934,A1_misdirection,0.098295,1,1
ciciomt2024,0,s302899,A1_misdirection,0.076365,1,0
ciciomt2024,0,s712445,A1_misdirection,0.011267,1,0
ciciomt2024,0,s630081,A1_misdirection,0.0429,1,0
ciciomt2024,0,s658220,A1_misdirection,0.098295,1,1
ciciomt2024,0,s679637,A1_misdirection,0.0,0,0
ciciomt2024,0,s580728,A1_misdirection,0.0,0,0
ciciomt2024,0,s686315,A1_misdirection,0.006902,1,0
ciciomt2024,0,s268227,A1_misdirection,0.034973,1,0
ciciomt2024,0,s176665,A1_misdirection,0.0,0,0
ciciomt2024,0,s240975,A1_misdirection,0.014629,1,0
ciciomt2024,0,s658922,A1_misdirection,0.0,0,0
ciciomt2024,0,s262117,A1_misdirection,0.0,0,0
ciciomt2024,0,s700902,A1_misdirection,0.028009,1,0
ciciomt2024,0,s637499,A1_misdirection,0.0,0,0
ciciomt2024,0,s212231,A1_misdirection,0.0,0,0
ciciomt2024,0,s611003,A1_misdirection,0.0,0,0
ciciomt2024,0,s600758,A1_misdirection,0.098295,1,1
ciciomt2024,0,s753562,A1_misdirection,0.098295,1,1
ciciomt2024,0,s204276,A1_misdirection,0.002635,1,0
ciciomt2024,0,s204557,A1_misdirection,0.0,0,0
ciciomt2024,0,s218094,A1_displacement,0.0,0,0
ciciomt2024,0,s226051,A1_displacement,0.098295,1,1
ciciomt2024,0,s647796,A1_displacement,0.076365,1,0
ciciomt2024,0,s729596,A1_displacement,0.0,0,0
ciciomt2024,0,s746866,A1_displacement,0.0,0,0
ciciomt2024,0,s751746,A1_displacement,0.0,0,0
ciciomt2024,0,s688470,A1_displacement,0.012378,1,0
ciciomt2024,0,s641303,A1_displacement,0.081508,1,0
ciciomt2024,0,s765838,A1_displacement,0.044649,1,0
ciciomt2024,0,s703890,A1_displacement,0.0,0,0
ciciomt2024,0,s649862,A1_displacement,0.01927,1,0
ciciomt2024,0,s743071,A1_displacement,0.000527,1,0
ciciomt2024,0,s236296,A1_displacement,0.098295,1,1
ciciomt2024,0,s303012,A1_displacement,0.0,0,0
ciciomt2024,0,s168999,A1_displacement,0.050347,1,0
ciciomt2024,0,s685802,A1_displacement,0.0,0,0
ciciomt2024,0,s654121,A1_displacement,0.032094,1,0
ciciomt2024,0,s256708,A1_displacement,0.000527,1,0
ciciomt2024,0,s730727,A1_displacement,0.0,0,0
ciciomt2024,0,s731082,A1_displacement,0.020464,1,0
ciciomt2024,0,s291731,A1_displacement,0.0,0,0
ciciomt2024,0,s606224,A1_displacement,0.054638,1,0
ciciomt2024,0,s729856,A1_displacement,0.0,0,0
ciciomt2024,0,s624991,A1_displacement,0.0,0,0
ciciomt2024,0,s239234,A1_displacement,0.001579,1,0
ciciomt2024,0,s735619,A1_displacement,0.0,0,0
ciciomt2024,0,s573730,A1_displacement,0.0,0,0
ciciomt2024,0,s702415,A1_displacement,0.0,0,0
ciciomt2024,0,s598060,A1_displacement,0.0,0,0
ciciomt2024,0,s216657,A1_displacement,0.011267,1,0
ciciomt2024,0,s243476,A1_displacement,0.038002,1,0
ciciomt2024,0,s217520,A1_displacement,0.005827,1,0
ciciomt2024,0,s267060,A1_displacement,0.0,0,0
ciciomt2024,0,s578882,A1_displacement,0.0,0,0
ciciomt2024,0,s606565,A1_displacement,0.0,0,0
ciciomt2024,0,s736244,A1_displacement,0.0,0,0
ciciomt2024,0,s270810,A1_displacement,0.0,0,0
ciciomt2024,0,s262876,A1_displacement,0.081508,1,0
ciciomt2024,0,s721362,A1_displacement,0.098295,1,1
ciciomt2024,0,s744934,A1_displacement,0.088167,1,0
ciciomt2024,0,s302899,A1_displacement,0.01809,1,0
ciciomt2024,0,s712445,A1_displacement,0.0,0,0
ciciomt2024,0,s630081,A1_displacement,0.016924,1,0
ciciomt2024,0,s658220,A1_displacement,0.000527,1,0
ciciomt2024,0,s679637,A1_displacement,0.0,0,0
ciciomt2024,0,s580728,A1_displacement,0.034973,1,0
ciciomt2024,0,s686315,A1_displacement,0.00907,1,0
ciciomt2024,0,s268227,A1_displacement,0.0,0,0
ciciomt2024,0,s176665,A1_displacement,0.098295,1,1
ciciomt2024,0,s240975,A1_displacement,0.0,0,0
ciciomt2024,0,s658922,A1_displacement,0.011267,1,0
ciciomt2024,0,s262117,A1_displacement,0.0,0,0
ciciomt2024,0,s700902,A1_displacement,0.0,0,0
ciciomt2024,0,s637499,A1_displacement,0.098295,1,1
ciciomt2024,0,s212231,A1_displacement,0.013499,1,0
ciciomt2024,0,s611003,A1_displacement,0.0,0,0
ciciomt2024,0,s600758,A1_displacement,0.0,0,0
ciciomt2024,0,s753562,A1_displacement,0.005827,1,0
ciciomt2024,0,s204276,A1_displacement,0.044649,1,0
ciciomt2024,0,s204557,A1_displacement,0.0,0,0
ciciomt2024,0,s218094,A3_scaffolding,0.0,0,0
ciciomt2024,0,s226051,A3_scaffolding,0.0,0,0
ciciomt2024,0,s647796,A3_scaffolding,0.0,0,0
ciciomt2024,0,s729596,A3_scaffolding,0.0,0,0
ciciomt2024,0,s746866,A3_scaffolding,0.0,0,0
ciciomt2024,0,s751746,A3_scaffolding,0.0,0,0
ciciomt2024,0,s688470,A3_scaffolding,0.0,0,0
ciciomt2024,0,s641303,A3_scaffolding,0.0,0,0
ciciomt2024,0,s765838,A3_scaffolding,0.0,0,0
ciciomt2024,0,s703890,A3_scaffolding,0.0,0,0
ciciomt2024,0,s649862,A3_scaffolding,0.0,0,0
ciciomt2024,0,s743071,A3_scaffolding,0.0,0,0
ciciomt2024,0,s236296,A3_scaffolding,0.0,0,0
ciciomt2024,0,s303012,A3_scaffolding,0.0,0,0
ciciomt2024,0,s168999,A3_scaffolding,0.0,0,0
ciciomt2024,0,s685802,A3_scaffolding,0.0,0,0
ciciomt2024,0,s654121,A3_scaffolding,0.0,0,0
ciciomt2024,0,s256708,A3_scaffolding,0.0,0,0
ciciomt2024,0,s730727,A3_scaffolding,0.0,0,0
ciciomt2024,0,s731082,A3_scaffolding,0.0,0,0
ciciomt2024,0,s291731,A3_scaffolding,0.0,0,0
ciciomt2024,0,s606224,A3_scaffolding,0.0,0,0
ciciomt2024,0,s729856,A3_scaffolding,0.0,0,0
ciciomt2024,0,s624991,A3_scaffolding,0.0,0,0
ciciomt2024,0,s239234,A3_scaffolding,0.0,0,0
ciciomt2024,0,s735619,A3_scaffolding,0.0,0,0
ciciomt2024,0,s573730,A3_scaffolding,0.0,0,0
ciciomt2024,0,s702415,A3_scaffolding,0.0,0,0
ciciomt2024,0,s598060,A3_scaffolding,0.0,0,0
ciciomt2024,0,s216657,A3_scaffolding,0.0,0,0
ciciomt2024,0,s243476,A3_scaffolding,0.0,0,0
ciciomt2024,0,s217520,A3_scaffolding,0.0,0,0
ciciomt2024,0,s267060,A3_scaffolding,0.0,0,0
ciciomt2024,0,s578882,A3_scaffolding,0.0,0,0
ciciomt2024,0,s606565,A3_scaffolding,0.0,0,0
ciciomt2024,0,s736244,A3_scaffolding,0.0,0,0
ciciomt2024,0,s270810,A3_scaffolding,0.0,0,0
ciciomt2024,0,s262876,A3_scaffolding,0.0,0,0
ciciomt2024,0,s721362,A3_scaffolding,0.0,0,0
ciciomt2024,0,s744934,A3_scaffolding,0.0,0,0
ciciomt2024,0,s302899,A3_scaffolding,0.0,0,0
ciciomt2024,0,s712445,A3_scaffolding,0.0,0,0
ciciomt2024,0,s630081,A3_scaffolding,0.0,0,0
ciciomt2024,0,s658220,A3_scaffolding,0.0,0,0
ciciomt2024,0,s679637,A3_scaffolding,0.0,0,0
ciciomt2024,0,s580728,A3_scaffolding,0.0,0,0
ciciomt2024,0,s686315,A3_scaffolding,0.0,0,0
ciciomt2024,0,s268227,A3_scaffolding,0.0,0,0
ciciomt2024,0,s176665,A3_scaffolding,0.0,0,0
ciciomt2024,0,s240975,A3_scaffolding,0.0,0,0
ciciomt2024,0,s658922,A3_scaffolding,0.0,0,0
ciciomt2024,0,s262117,A3_scaffolding,0.0,0,0
ciciomt2024,0,s700902,A3_scaffolding,0.0,0,0
ciciomt2024,0,s637499,A3_scaffolding,0.0,0,0
ciciomt2024,0,s212231,A3_scaffolding,0.0,0,0
ciciomt2024,0,s611003,A3_scaffolding,0.0,0,0
ciciomt2024,0,s600758,A3_scaffolding,0.0,0,0
ciciomt2024,0,s753562,A3_scaffolding,0.0,0,0
ciciomt2024,0,s204276,A3_scaffolding,0.0,0,0
ciciomt2024,0,s204557,A3_scaffolding,0.0,0,0
ciciomt2024,1,s190913,clean,0.0,0,0
ciciomt2024,1,s188267,clean,0.0,0,0
ciciomt2024,1,s713712,clean,0.0,0,0
ciciomt2024,1,s763375,clean,0.0,0,0
ciciomt2024,1,s703422,clean,0.0,0,0
ciciomt2024,1,s691962,clean,0.0,0,0
ciciomt2024,1,s314730,clean,0.0,0,0
ciciomt2024,1,s270993,clean,0.0,0,0
ciciomt2024,1,s602463,clean,0.0,0,0
ciciomt2024,1,s670678,clean,0.0,0,0
ciciomt2024,1,s584696,clean,0.0,0,0
ciciomt2024,1,s657686,clean,0.0,0,0
ciciomt2024,1,s169401,clean,0.0,0,0
ciciomt2024,1,s741909,clean,0.0,0,0
ciciomt2024,1,s303847,clean,0.0,0,0
ciciomt2024,1,s252273,clean,0.0,0,0
ciciomt2024,1,s733344,clean,0.0,0,0
ciciomt2024,1,s266013,clean,0.0,0,0
ciciomt2024,1,s663697,clean,0.0,0,0
ciciomt2024,1,s230424,clean,0.0,0,0
ciciomt2024,1,s749936,clean,0.0,0,0
ciciomt2024,1,s603943,clean,0.0,0,0
ciciomt2024,1,s716226,clean,0.0,0,0
ciciomt2024,1,s690745,clean,0.0,0,0
ciciomt2024,1,s637892,clean,0.0,0,0
ciciomt2024,1,s691839,clean,0.0,0,0
ciciomt2024,1,s772556,clean,0.0,0,0
ciciomt2024,1,s211390,clean,0.0,0,0
ciciomt2024,1,s653518,clean,0.0,0,0
ciciomt2024,1,s192759,clean,0.0,0,0
ciciomt2024,1,s211744,clean,0.0,0,0
ciciomt2024,1,s777900,clean,0.0,0,0
ciciomt2024,1,s662359,clean,0.0,0,0
ciciomt2024,1,s196930,clean,0.0,0,0
ciciomt2024,1,s716860,clean,0.0,0,0
ciciomt2024,1,s271423,clean,0.0,0,0
ciciomt2024,1,s643074,clean,0.0,0,0
ciciomt2024,1,s693174,clean,0.0,0,0
ciciomt2024,1,s713676,clean,0.0,0,0
ciciomt2024,1,s287875,clean,0.0,0,0
ciciomt2024,1,s630353,clean,0.0,0,0
ciciomt2024,1,s192712,clean,0.0,0,0
ciciomt2024,1,s253445,clean,0.0,0,0
ciciomt2024,1,s654164,clean,0.0,0,0
ciciomt2024,1,s720302,clean,0.0,0,0
ciciomt2024,1,s757385,clean,0.0,0,0
ciciomt2024,1,s700617,clean,0.0,0,0
ciciomt2024,1,s189452,clean,0.0,0,0
ciciomt2024,1,s679979,clean,0.0,0,0
ciciomt2024,1,s222680,clean,0.0,0,0
ciciomt2024,1,s734307,clean,0.0,0,0
ciciomt2024,1,s594141,clean,0.0,0,0
ciciomt2024,1,s611433,clean,0.0,0,0
ciciomt2024,1,s297694,clean,0.0,0,0
ciciomt2024,1,s593579,clean,0.0,0,0
ciciomt2024,1,s257356,clean,0.0,0,0
ciciomt2024,1,s167347,clean,0.0,0,0
ciciomt2024,1,s747271,clean,0.0,0,0
ciciomt2024,1,s578900,clean,0.0,0,0
ciciomt2024,1,s616878,clean,0.0,0,0
ciciomt2024,1,s190913,A1_misdirection,0.098295,1,1
ciciomt2024,1,s188267,A1_misdirection,0.024147,1,0
ciciomt2024,1,s713712,A1_misdirection,0.0,0,0
ciciomt2024,1,s763375,A1_misdirection,0.007983,1,0
ciciomt2024,1,s703422,A1_misdirection,0.034973,1,0
ciciomt2024,1,s691962,A1_misdirection,0.0,0,0
ciciomt2024,1,s314730,A1_misdirection,0.098295,1,1
ciciomt2024,1,s270993,A1_misdirection,0.0,0,0
ciciomt2024,1,s602463,A1_misdirection,0.000527,1,0
ciciomt2024,1,s670678,A1_misdirection,0.098295,1,1
ciciomt2024,1,s584696,A1_misdirection,0.021675,1,0
ciciomt2024,1,s657686,A1_misdirection,0.0,0,0
ciciomt2024,1,s169401,A1_misdirection,0.0,0,0
ciciomt2024,1,s741909,A1_misdirection,0.0,0,0
ciciomt2024,1,s303847,A1_misdirection,0.0,0,0
ciciomt2024,1,s252273,A1_misdirection,0.0,0,0
ciciomt2024,1,s733344,A1_misdirection,0.0,0,0
ciciomt2024,1,s266013,A1_misdirection,0.0,0,0
ciciomt2024,1,s663697,A1_misdirection,0.0,0,0
ciciomt2024,1,s230424,A1_misdirection,0.0,0,0
ciciomt2024,1,s749936,A1_misdirection,0.0,0,0
ciciomt2024,1,s603943,A1_misdirection,0.012378,1,0
ciciomt2024,1,s716226,A1_misdirection,0.0,0,0
ciciomt2024,1,s690745,A1_misdirection,0.000527,1,0
ciciomt2024,1,s637892,A1_misdirection,0.0,0,0
ciciomt2024,1,s691839,A1_misdirection,0.000527,1,0
ciciomt2024,1,s772556,A1_misdirection,0.012378,1,0
ciciomt2024,1,s211390,A1_misdirection,0.038002,1,0
ciciomt2024,1,s653518,A1_misdirection,0.013499,1,0
ciciomt2024,1,s192759,A1_misdirection,0.005827,1,0
ciciomt2024,1,s211744,A1_misdirection,0.003694,1,0
ciciomt2024,1,s777900,A1_misdirection,0.0,0,0
ciciomt2024,1,s662359,A1_misdirection,0.015771,1,0
ciciomt2024,1,s196930,A1_misdirection,0.0,0,0
ciciomt2024,1,s716860,A1_misdirection,0.0,0,0
ciciomt2024,1,s271423,A1_misdirection,0.0,0,0
ciciomt2024,1,s643074,A1_misdirection,0.0,0,0
ciciomt2024,1,s693174,A1_misdirection,0.013499,1,0
ciciomt2024,1,s713676,A1_misdirection,0.0,0,0
ciciomt2024,1,s287875,A1_misdirection,0.021675,1,0
ciciomt2024,1,s630353,A1_misdirection,0.002635,1,0
ciciomt2024,1,s192712,A1_misdirection,0.007983,1,0
ciciomt2024,1,s253445,A1_misdirection,0.0,0,0
ciciomt2024,1,s654164,A1_misdirection,0.0,0,0
ciciomt2024,1,s720302,A1_misdirection,0.098295,1,1
ciciomt2024,1,s757385,A1_misdirection,0.098295,1,1
ciciomt2024,1,s700617,A1_misdirection,0.038002,1,0
ciciomt2024,1,s189452,A1_misdirection,0.0,0,0
ciciomt2024,1,s679979,A1_misdirection,0.0,0,0
ciciomt2024,1,s222680,A1_misdirection,0.0,0,0
ciciomt2024,1,s734307,A1_misdirection,0.0,0,0
ciciomt2024,1,s594141,A1_misdirection,0.0,0,0
ciciomt2024,1,s611433,A1_misdirection,0.0,0,0
ciciomt2024,1,s297694,A1_misdirection,0.0,0,0
ciciomt2024,1,s593579,A1_misdirection,0.0,0,0
ciciomt2024,1,s257356,A1_misdirection,0.003694,1,0
ciciomt2024,1,s167347,A1_misdirection,0.0,0,0
ciciomt2024,1,s747271,A1_misdirection,0.004758,1,0
ciciomt2024,1,s578900,A1_misdirection,0.098295,1,1
ciciomt2024,1,s616878,A1_misdirection,0.098295,1,1
ciciomt2024,1,s190913,A1_displacement,0.0,0,0
ciciomt2024,1,s188267,A1_displacement,0.0,0,0
ciciomt2024,1,s713712,A1_displacement,0.003694,1,0
ciciomt2024,1,s763375,A1_displacement,0.00907,1,0
ciciomt2024,1,s703422,A1_displacement,0.024147,1,0
ciciomt2024,1,s691962,A1_displacement,0.0,0,0
ciciomt2024,1,s314730,A1_displacement,0.0,0,0
ciciomt2024,1,s270993,A1_displacement,0.0,0,0
ciciomt2024,1,s602463,A1_displacement,0.0,0,0
ciciomt2024,1,s670678,A1_displacement,0.0,0,0
ciciomt2024,1,s584696,A1_displacement,0.0,0,0
ciciomt2024,1,s657686,A1_displacement,0.0,0,0
ciciomt2024,1,s169401,A1_displacement,0.0,0,0
ciciomt2024,1,s741909,A1_displacement,0.0,0,0
ciciomt2024,1,s303847,A1_displacement,0.005827,1,0
ciciomt2024,1,s252273,A1_displacement,0.0,0,0
ciciomt2024,1,s733344,A1_displacement,0.0,0,0
ciciomt2024,1,s266013,A1_displacement,0.0,0,0
ciciomt2024,1,s663697,A1_displacement,0.000527,1,0
ciciomt2024,1,s230424,A1_displacement,0.011267,1,0
ciciomt2024,1,s749936,A1_displacement,0.0,0,0
ciciomt2024,1,s603943,A1_displacement,0.0,0,0
ciciomt2024,1,s716226,A1_displacement,0.0,0,0
ciciomt2024,1,s690745,A1_displacement,0.010164,1,0
ciciomt2024,1,s637892,A1_displacement,0.0,0,0
ciciomt2024,1,s691839,A1_displacement,0.026699,1,0
ciciomt2024,1,s772556,A1_displacement,0.0,0,0
ciciomt2024,1,s211390,A1_displacement,0.001579,1,0
ciciomt2024,1,s653518,A1_displacement,0.0,0,0
ciciomt2024,1,s192759,A1_displacement,0.0,0,0
ciciomt2024,1,s211744,A1_displacement,0.076365,1,0
ciciomt2024,1,s777900,A1_displacement,0.016924,1,0
ciciomt2024,1,s662359,A1_displacement,0.0,0,0
ciciomt2024,1,s196930,A1_displacement,0.0,0,0
ciciomt2024,1,s716860,A1_displacement,0.0,0,0
ciciomt2024,1,s271423,A1_displacement,0.0,0,0
ciciomt2024,1,s643074,A1_displacement,0.0,0,0
ciciomt2024,1,s693174,A1_displacement,0.068415,1,0
ciciomt2024,1,s713676,A1_displacement,0.0,0,0
ciciomt2024,1,s287875,A1_displacement,0.0,0,0
ciciomt2024,1,s630353,A1_displacement,0.0,0,0
ciciomt2024,1,s192712,A1_displacement,0.0,0,0
ciciomt2024,1,s253445,A1_displacement,0.030704,1,0
ciciomt2024,1,s654164,A1_displacement,0.0,0,0
ciciomt2024,1,s720302,A1_displacement,0.044649,1,0
ciciomt2024,1,s757385,A1_displacement,0.0,0,0
ciciomt2024,1,s700617,A1_displacement,0.0,0,0
ciciomt2024,1,s189452,A1_displacement,0.0,0,0
ciciomt2024,1,s679979,A1_displacement,0.0,0,0
ciciomt2024,1,s222680,A1_displacement,0.041214,1,0
ciciomt2024,1,s734307,A1_displacement,0.0,0,0
ciciomt2024,1,s594141,A1_displacement,0.0,0,0
ciciomt2024,1,s611433,A1_displacement,0.0,0,0
ciciomt2024,1,s297694,A1_displacement,0.0,0,0
ciciomt2024,1,s593579,A1_displacement,0.0,0,0
ciciomt2024,1,s257356,A1_displacement,0.0,0,0
ciciomt2024,1,s167347,A1_displacement,0.0,0,0
ciciomt2024,1,s747271,A1_displacement,0.0,0,0
ciciomt2024,1,s578900,A1_displacement,0.0,0,0
ciciomt2024,1,s616878,A1_displacement,0.022902,1,0
ciciomt2024,1,s190913,A3_scaffolding,0.0,0,0
ciciomt2024,1,s188267,A3_scaffolding,0.0,0,0
ciciomt2024,1,s713712,A3_scaffolding,0.0,0,0
ciciomt2024,1,s763375,A3_scaffolding,0.0,0,0
ciciomt2024,1,s703422,A3_scaffolding,0.0,0,0
ciciomt2024,1,s691962,A3_scaffolding,0.0,0,0
ciciomt2024,1,s314730,A3_scaffolding,0.0,0,0
ciciomt2024,1,s270993,A3_scaffolding,0.0,0,0
ciciomt2024,1,s602463,A3_scaffolding,0.0,0,0
ciciomt2024,1,s670678,A3_scaffolding,0.0,0,0
ciciomt2024,1,s584696,A3_scaffolding,0.0,0,0
ciciomt2024,1,s657686,A3_scaffolding,0.0,0,0
ciciomt2024,1,s169401,A3_scaffolding,0.0,0,0
ciciomt2024,1,s741909,A3_scaffolding,0.0,0,0
ciciomt2024,1,s303847,A3_scaffolding,0.0,0,0
ciciomt2024,1,s252273,A3_scaffolding,0.0,0,0
ciciomt2024,1,s733344,A3_scaffolding,0.0,0,0
ciciomt2024,1,s266013,A3_scaffolding,0.0,0,0
ciciomt2024,1,s663697,A3_scaffolding,0.0,0,0
ciciomt2024,1,s230424,A3_scaffolding,0.0,0,0
ciciomt2024,1,s749936,A3_scaffolding,0.0,0,0
ciciomt2024,1,s603943,A3_scaffolding,0.0,0,0
ciciomt2024,1,s716226,A3_scaffolding,0.0,0,0
ciciomt2024,1,s690745,A3_scaffolding,0.0,0,0
ciciomt2024,1,s637892,A3_scaffolding,0.0,0,0
ciciomt2024,1,s691839,A3_scaffolding,0.0,0,0
ciciomt2024,1,s772556,A3_scaffolding,0.0,0,0
ciciomt2024,1,s211390,A3_scaffolding,0.0,0,0
ciciomt2024,1,s653518,A3_scaffolding,0.0,0,0
ciciomt2024,1,s192759,A3_scaffolding,0.0,0,0
ciciomt2024,1,s211744,A3_scaffolding,0.0,0,0
ciciomt2024,1,s777900,A3_scaffolding,0.0,0,0
ciciomt2024,1,s662359,A3_scaffolding,0.0,0,0
ciciomt2024,1,s196930,A3_scaffolding,0.0,0,0
ciciomt2024,1,s716860,A3_scaffolding,0.0,0,0
ciciomt2024,1,s271423,A3_scaffolding,0.0,0,0
ciciomt2024,1,s643074,A3_scaffolding,0.0,0,0
ciciomt2024,1,s693174,A3_scaffolding,0.0,0,0
ciciomt2024,1,s713676,A3_scaffolding,0.0,0,0
ciciomt2024,1,s287875,A3_scaffolding,0.0,0,0
ciciomt2024,1,s630353,A3_scaffolding,0.0,0,0
ciciomt2024,1,s192712,A3_scaffolding,0.0,0,0
ciciomt2024,1,s253445,A3_scaffolding,0.0,0,0
ciciomt2024,1,s654164,A3_scaffolding,0.0,0,0
ciciomt2024,1,s720302,A3_scaffolding,0.0,0,0
ciciomt2024,1,s757385,A3_scaffolding,0.0,0,0
ciciomt2024,1,s700617,A3_scaffolding,0.0,0,0
ciciomt2024,1,s189452,A3_scaffolding,0.0,0,0
ciciomt2024,1,s679979,A3_scaffolding,0.0,0,0
ciciomt2024,1,s222680,A3_scaffolding,0.0,0,0
ciciomt2024,1,s734307,A3_scaffolding,0.0,0,0
ciciomt2024,1,s594141,A3_scaffolding,0.0,0,0
ciciomt2024,1,s611433,A3_scaffolding,0.0,0,0
ciciomt2024,1,s297694,A3_scaffolding,0.0,0,0
ciciomt2024,1,s593579,A3_scaffolding,0.0,0,0
ciciomt2024,1,s257356,A3_scaffolding,0.0,0,0
ciciomt2024,1,s167347,A3_scaffolding,0.0,0,0
ciciomt2024,1,s747271,A3_scaffolding,0.0,0,0
ciciomt2024,1,s578900,A3_scaffolding,0.0,0,0
ciciomt2024,1,s616878,A3_scaffolding,0.0,0,0
ciciomt2024,2,s642983,clean,0.054638,1,0
ciciomt2024,2,s618434,clean,0.020464,1,0
ciciomt2024,2,s667706,clean,0.0,0,0
ciciomt2024,2,s193368,clean,0.032094,1,0
ciciomt2024,2,s682871,clean,0.0,0,0
ciciomt2024,2,s738876,clean,0.034973,1,0
ciciomt2024,2,s304474,clean,0.068415,1,0
ciciomt2024,2,s581620,clean,0.068415,1,0
ciciomt2024,2,s255008,clean,0.0,0,0
ciciomt2024,2,s740509,clean,0.050347,1,0
ciciomt2024,2,s197890,clean,0.038002,1,0
ciciomt2024,2,s580029,clean,0.0,0,0
ciciomt2024,2,s589908,clean,0.0,0,0
ciciomt2024,2,s659145,clean,0.0,0,0
ciciomt2024,2,s644640,clean,0.025413,1,0
ciciomt2024,2,s211312,clean,0.013499,1,0
ciciomt2024,2,s746071,clean,0.0,0,0
ciciomt2024,2,s212492,clean,0.022902,1,0
ciciomt2024,2,s239884,clean,0.048362,1,0
ciciomt2024,2,s619536,clean,0.0,0,0
ciciomt2024,2,s585162,clean,0.059487,1,0
ciciomt2024,2,s301540,clean,0.030704,1,0
ciciomt2024,2,s662971,clean,0.059487,1,0
ciciomt2024,2,s674725,clean,0.0,0,0
ciciomt2024,2,s716597,clean,0.044649,1,0
ciciomt2024,2,s188700,clean,0.054638,1,0
ciciomt2024,2,s614991,clean,0.0,0,0
ciciomt2024,2,s737871,clean,0.0,0,0
ciciomt2024,2,s646919,clean,0.0,0,0
ciciomt2024,2,s209908,clean,0.052433,1,0
ciciomt2024,2,s308804,clean,0.05698,1,0
ciciomt2024,2,s662935,clean,0.0,0,0
ciciomt2024,2,s611550,clean,0.002635,1,0
ciciomt2024,2,s671695,clean,0.005827,1,0
ciciomt2024,2,s679658,clean,0.0,0,0
ciciomt2024,2,s589375,clean,0.0,0,0
ciciomt2024,2,s635657,clean,0.000527,1,0
ciciomt2024,2,s678960,clean,0.0,0,0
ciciomt2024,2,s168654,clean,0.046466,1,0
ciciomt2024,2,s300126,clean,0.0,0,0
ciciomt2024,2,s290615,clean,0.0,0,0
ciciomt2024,2,s715204,clean,0.01809,1,0
ciciomt2024,2,s740623,clean,0.046466,1,0
ciciomt2024,2,s632573,clean,0.0429,1,0
ciciomt2024,2,s656607,clean,0.01809,1,0
ciciomt2024,2,s586977,clean,0.0,0,0
ciciomt2024,2,s598125,clean,0.016924,1,0
ciciomt2024,2,s777837,clean,0.039583,1,0
ciciomt2024,2,s204640,clean,0.0,0,0
ciciomt2024,2,s649492,clean,0.065147,1,0
ciciomt2024,2,s240203,clean,0.054638,1,0
ciciomt2024,2,s226173,clean,0.0,0,0
ciciomt2024,2,s594039,clean,0.0,0,0
ciciomt2024,2,s597586,clean,0.007983,1,0
ciciomt2024,2,s232287,clean,0.016924,1,0
ciciomt2024,2,s310385,clean,0.022902,1,0
ciciomt2024,2,s643702,clean,0.0,0,0
ciciomt2024,2,s753771,clean,0.0,0,0
ciciomt2024,2,s184007,clean,0.0,0,0
ciciomt2024,2,s580552,clean,0.013499,1,0
ciciomt2024,2,s642983,A1_misdirection,0.007983,1,0
ciciomt2024,2,s618434,A1_misdirection,0.01809,1,0
ciciomt2024,2,s667706,A1_misdirection,0.065147,1,0
ciciomt2024,2,s193368,A1_misdirection,0.00907,1,0
ciciomt2024,2,s682871,A1_misdirection,0.029343,1,0
ciciomt2024,2,s738876,A1_misdirection,0.046466,1,0
ciciomt2024,2,s304474,A1_misdirection,0.000527,1,0
ciciomt2024,2,s581620,A1_misdirection,0.0,0,0
ciciomt2024,2,s255008,A1_misdirection,0.0,0,0
ciciomt2024,2,s740509,A1_misdirection,0.0,0,0
ciciomt2024,2,s197890,A1_misdirection,0.0,0,0
ciciomt2024,2,s580029,A1_misdirection,0.072099,1,0
ciciomt2024,2,s589908,A1_misdirection,0.076365,1,0
ciciomt2024,2,s659145,A1_misdirection,0.0,0,0
ciciomt2024,2,s644640,A1_misdirection,0.0,0,0
ciciomt2024,2,s211312,A1_misdirection,0.0,0,0
ciciomt2024,2,s746071,A1_misdirection,0.0429,1,0
ciciomt2024,2,s212492,A1_misdirection,0.072099,1,0
ciciomt2024,2,s239884,A1_misdirection,0.0,0,0
ciciomt2024,2,s619536,A1_misdirection,0.0,0,0
ciciomt2024,2,s585162,A1_misdirection,0.0,0,0
ciciomt2024,2,s301540,A1_misdirection,0.0,0,0
ciciomt2024,2,s662971,A1_misdirection,0.000527,1,0
ciciomt2024,2,s674725,A1_misdirection,0.0,0,0
ciciomt2024,2,s716597,A1_misdirection,0.002635,1,0
ciciomt2024,2,s188700,A1_misdirection,0.025413,1,0
ciciomt2024,2,s614991,A1_misdirection,0.0,0,0
ciciomt2024,2,s737871,A1_misdirection,0.0,0,0
ciciomt2024,2,s646919,A1_misdirection,0.005827,1,0
ciciomt2024,2,s209908,A1_misdirection,0.025413,1,0
ciciomt2024,2,s308804,A1_misdirection,0.0,0,0
ciciomt2024,2,s662935,A1_misdirection,0.01809,1,0
ciciomt2024,2,s611550,A1_misdirection,0.088167,1,0
ciciomt2024,2,s671695,A1_misdirection,0.0,0,0
ciciomt2024,2,s679658,A1_misdirection,0.0,0,0
ciciomt2024,2,s589375,A1_misdirection,0.0,0,0
ciciomt2024,2,s635657,A1_misdirection,0.0,0,0
ciciomt2024,2,s678960,A1_misdirection,0.0,0,0
ciciomt2024,2,s168654,A1_misdirection,0.0,0,0
ciciomt2024,2,s300126,A1_misdirection,0.036467,1,0
ciciomt2024,2,s290615,A1_misdirection,0.098295,1,1
ciciomt2024,2,s715204,A1_misdirection,0.0,0,0
ciciomt2024,2,s740623,A1_misdirection,0.098295,1,1
ciciomt2024,2,s632573,A1_misdirection,0.088167,1,0
ciciomt2024,2,s656607,A1_misdirection,0.081508,1,0
ciciomt2024,2,s586977,A1_misdirection,0.0,0,0
ciciomt2024,2,s598125,A1_misdirection,0.005827,1,0
ciciomt2024,2,s777837,A1_misdirection,0.0429,1,0
ciciomt2024,2,s204640,A1_misdirection,0.0,0,0
ciciomt2024,2,s649492,A1_misdirection,0.025413,1,0
ciciomt2024,2,s240203,A1_misdirection,0.098295,1,1
ciciomt2024,2,s226173,A1_misdirection,0.0,0,0
ciciomt2024,2,s594039,A1_misdirection,0.098295,1,1
ciciomt2024,2,s597586,A1_misdirection,0.098295,1,1
ciciomt2024,2,s232287,A1_misdirection,0.0,0,0
ciciomt2024,2,s310385,A1_misdirection,0.0,0,0
ciciomt2024,2,s643702,A1_misdirection,0.030704,1,0
ciciomt2024,2,s753771,A1_misdirection,0.098295,1,1
ciciomt2024,2,s184007,A1_misdirection,0.052433,1,0
ciciomt2024,2,s580552,A1_misdirection,0.0,0,0
ciciomt2024,2,s642983,A1_displacement,0.0,0,0
ciciomt2024,2,s618434,A1_displacement,0.0,0,0
ciciomt2024,2,s667706,A1_displacement,0.0,0,0
ciciomt2024,2,s193368,A1_displacement,0.0,0,0
ciciomt2024,2,s682871,A1_displacement,0.098295,1,1
ciciomt2024,2,s738876,A1_displacement,0.0,0,0
ciciomt2024,2,s304474,A1_displacement,0.003694,1,0
ciciomt2024,2,s581620,A1_displacement,0.000527,1,0
ciciomt2024,2,s255008,A1_displacement,0.098295,1,1
ciciomt2024,2,s740509,A1_displacement,0.0,0,0
ciciomt2024,2,s197890,A1_displacement,0.024147,1,0
ciciomt2024,2,s580029,A1_displacement,0.0,0,0
ciciomt2024,2,s589908,A1_displacement,0.0,0,0
ciciomt2024,2,s659145,A1_displacement,0.034973,1,0
ciciomt2024,2,s644640,A1_displacement,0.004758,1,0
ciciomt2024,2,s211312,A1_displacement,0.0,0,0
ciciomt2024,2,s746071,A1_displacement,0.015771,1,0
ciciomt2024,2,s212492,A1_displacement,0.0,0,0
ciciomt2024,2,s239884,A1_displacement,0.00907,1,0
ciciomt2024,2,s619536,A1_displacement,0.0,0,0
ciciomt2024,2,s585162,A1_displacement,0.0,0,0
ciciomt2024,2,s301540,A1_displacement,0.0,0,0
ciciomt2024,2,s662971,A1_displacement,0.032094,1,0
ciciomt2024,2,s674725,A1_displacement,0.098295,1,1
ciciomt2024,2,s716597,A1_displacement,0.01809,1,0
ciciomt2024,2,s188700,A1_displacement,0.021675,1,0
ciciomt2024,2,s614991,A1_displacement,0.028009,1,0
ciciomt2024,2,s737871,A1_displacement,0.0,0,0
ciciomt2024,2,s646919,A1_displacement,0.098295,1,1
ciciomt2024,2,s209908,A1_displacement,0.0,0,0
ciciomt2024,2,s308804,A1_displacement,0.0,0,0
ciciomt2024,2,s662935,A1_displacement,0.0,0,0
ciciomt2024,2,s611550,A1_displacement,0.020464,1,0
ciciomt2024,2,s671695,A1_displacement,0.010164,1,0
ciciomt2024,2,s679658,A1_displacement,0.0,0,0
ciciomt2024,2,s589375,A1_displacement,0.0,0,0
ciciomt2024,2,s635657,A1_displacement,0.0,0,0
ciciomt2024,2,s678960,A1_displacement,0.0,0,0
ciciomt2024,2,s168654,A1_displacement,0.0,0,0
ciciomt2024,2,s300126,A1_displacement,0.0,0,0
ciciomt2024,2,s290615,A1_displacement,0.098295,1,1
ciciomt2024,2,s715204,A1_displacement,0.034973,1,0
ciciomt2024,2,s740623,A1_displacement,0.050347,1,0
ciciomt2024,2,s632573,A1_displacement,0.0,0,0
ciciomt2024,2,s656607,A1_displacement,0.0,0,0
ciciomt2024,2,s586977,A1_displacement,0.029343,1,0
ciciomt2024,2,s598125,A1_displacement,0.0,0,0
ciciomt2024,2,s777837,A1_displacement,0.0,0,0
ciciomt2024,2,s204640,A1_displacement,0.044649,1,0
ciciomt2024,2,s649492,A1_displacement,0.068415,1,0
ciciomt2024,2,s240203,A1_displacement,0.0,0,0
ciciomt2024,2,s226173,A1_displacement,0.0,0,0
ciciomt2024,2,s594039,A1_displacement,0.065147,1,0
ciciomt2024,2,s597586,A1_displacement,0.006902,1,0
ciciomt2024,2,s232287,A1_displacement,0.0,0,0
ciciomt2024,2,s310385,A1_displacement,0.0,0,0
ciciomt2024,2,s643702,A1_displacement,0.0,0,0
ciciomt2024,2,s753771,A1_displacement,0.0,0,0
ciciomt2024,2,s184007,A1_displacement,0.098295,1,1
ciciomt2024,2,s580552,A1_displacement,0.014629,1,0
ciciomt2024,2,s642983,A3_scaffolding,0.062194,1,0
ciciomt2024,2,s618434,A3_scaffolding,0.022902,1,0
ciciomt2024,2,s667706,A3_scaffolding,0.0,0,0
ciciomt2024,2,s193368,A3_scaffolding,0.01927,1,0
ciciomt2024,2,s682871,A3_scaffolding,0.0,0,0
ciciomt2024,2,s738876,A3_scaffolding,0.034973,1,0
ciciomt2024,2,s304474,A3_scaffolding,0.059487,1,0
ciciomt2024,2,s581620,A3_scaffolding,0.072099,1,0
ciciomt2024,2,s255008,A3_scaffolding,0.0,0,0
ciciomt2024,2,s740509,A3_scaffolding,0.059487,1,0
ciciomt2024,2,s197890,A3_scaffolding,0.024147,1,0
ciciomt2024,2,s580029,A3_scaffolding,0.0,0,0
ciciomt2024,2,s589908,A3_scaffolding,0.0,0,0
ciciomt2024,2,s659145,A3_scaffolding,0.0,0,0
ciciomt2024,2,s644640,A3_scaffolding,0.032094,1,0
ciciomt2024,2,s211312,A3_scaffolding,0.005827,1,0
ciciomt2024,2,s746071,A3_scaffolding,0.0,0,0
ciciomt2024,2,s212492,A3_scaffolding,0.020464,1,0
ciciomt2024,2,s239884,A3_scaffolding,0.059487,1,0
ciciomt2024,2,s619536,A3_scaffolding,0.0,0,0
ciciomt2024,2,s585162,A3_scaffolding,0.048362,1,0
ciciomt2024,2,s301540,A3_scaffolding,0.030704,1,0
ciciomt2024,2,s662971,A3_scaffolding,0.072099,1,0
ciciomt2024,2,s674725,A3_scaffolding,0.000527,1,0
ciciomt2024,2,s716597,A3_scaffolding,0.0429,1,0
ciciomt2024,2,s188700,A3_scaffolding,0.046466,1,0
ciciomt2024,2,s614991,A3_scaffolding,0.003694,1,0
ciciomt2024,2,s737871,A3_scaffolding,0.0,0,0
ciciomt2024,2,s646919,A3_scaffolding,0.002635,1,0
ciciomt2024,2,s209908,A3_scaffolding,0.050347,1,0
ciciomt2024,2,s308804,A3_scaffolding,0.072099,1,0
ciciomt2024,2,s662935,A3_scaffolding,0.0,0,0
ciciomt2024,2,s611550,A3_scaffolding,0.013499,1,0
ciciomt2024,2,s671695,A3_scaffolding,0.004758,1,0
ciciomt2024,2,s679658,A3_scaffolding,0.0,0,0
ciciomt2024,2,s589375,A3_scaffolding,0.0,0,0
ciciomt2024,2,s635657,A3_scaffolding,0.003694,1,0
ciciomt2024,2,s678960,A3_scaffolding,0.0,0,0
ciciomt2024,2,s168654,A3_scaffolding,0.039583,1,0
ciciomt2024,2,s300126,A3_scaffolding,0.0,0,0
ciciomt2024,2,s290615,A3_scaffolding,0.0,0,0
ciciomt2024,2,s715204,A3_scaffolding,0.016924,1,0
ciciomt2024,2,s740623,A3_scaffolding,0.046466,1,0
ciciomt2024,2,s632573,A3_scaffolding,0.038002,1,0
ciciomt2024,2,s656607,A3_scaffolding,0.021675,1,0
ciciomt2024,2,s586977,A3_scaffolding,0.0,0,0
ciciomt2024,2,s598125,A3_scaffolding,0.015771,1,0
ciciomt2024,2,s777837,A3_scaffolding,0.036467,1,0
ciciomt2024,2,s204640,A3_scaffolding,0.004758,1,0
ciciomt2024,2,s649492,A3_scaffolding,0.072099,1,0
ciciomt2024,2,s240203,A3_scaffolding,0.062194,1,0
ciciomt2024,2,s226173,A3_scaffolding,0.0,0,0
ciciomt2024,2,s594039,A3_scaffolding,0.0,0,0
ciciomt2024,2,s597586,A3_scaffolding,0.015771,1,0
ciciomt2024,2,s232287,A3_scaffolding,0.030704,1,0
ciciomt2024,2,s310385,A3_scaffolding,0.01927,1,0
ciciomt2024,2,s643702,A3_scaffolding,0.0,0,0
ciciomt2024,2,s753771,A3_scaffolding,0.0,0,0
ciciomt2024,2,s184007,A3_scaffolding,0.0,0,0
ciciomt2024,2,s580552,A3_scaffolding,0.01927,1,0
ciciomt2024,3,s574182,clean,0.0,0,0
ciciomt2024,3,s605791,clean,0.0,0,0
ciciomt2024,3,s316492,clean,0.0,0,0
ciciomt2024,3,s196106,clean,0.0,0,0
ciciomt2024,3,s722840,clean,0.0,0,0
ciciomt2024,3,s684453,clean,0.0,0,0
ciciomt2024,3,s730147,clean,0.0,0,0
ciciomt2024,3,s259289,clean,0.0,0,0
ciciomt2024,3,s725340,clean,0.0,0,0
ciciomt2024,3,s608872,clean,0.0,0,0
ciciomt2024,3,s701576,clean,0.0,0,0
ciciomt2024,3,s265954,clean,0.0,0,0
ciciomt2024,3,s278047,clean,0.0,0,0
ciciomt2024,3,s659803,clean,0.0,0,0
ciciomt2024,3,s179036,clean,0.0,0,0
ciciomt2024,3,s644624,clean,0.0,0,0
ciciomt2024,3,s259316,clean,0.0,0,0
ciciomt2024,3,s251896,clean,0.0,0,0
ciciomt2024,3,s768472,clean,0.0,0,0
ciciomt2024,3,s600011,clean,0.0,0,0
ciciomt2024,3,s722283,clean,0.0,0,0
ciciomt2024,3,s771097,clean,0.0,0,0
ciciomt2024,3,s762702,clean,0.0,0,0
ciciomt2024,3,s728981,clean,0.0,0,0
ciciomt2024,3,s777772,clean,0.0,0,0
ciciomt2024,3,s231798,clean,0.0,0,0
ciciomt2024,3,s659590,clean,0.0,0,0
ciciomt2024,3,s736720,clean,0.0,0,0
ciciomt2024,3,s260270,clean,0.0,0,0
ciciomt2024,3,s706497,clean,0.0,0,0
ciciomt2024,3,s709016,clean,0.0,0,0
ciciomt2024,3,s632986,clean,0.0,0,0
ciciomt2024,3,s659586,clean,0.0,0,0
ciciomt2024,3,s641324,clean,0.0,0,0
ciciomt2024,3,s707236,clean,0.0,0,0
ciciomt2024,3,s195443,clean,0.0,0,0
ciciomt2024,3,s299624,clean,0.0,0,0
ciciomt2024,3,s690280,clean,0.0,0,0
ciciomt2024,3,s177877,clean,0.0,0,0
ciciomt2024,3,s274410,clean,0.0,0,0
ciciomt2024,3,s275589,clean,0.0,0,0
ciciomt2024,3,s685809,clean,0.0,0,0
ciciomt2024,3,s698254,clean,0.0,0,0
ciciomt2024,3,s736293,clean,0.0,0,0
ciciomt2024,3,s678047,clean,0.0,0,0
ciciomt2024,3,s590223,clean,0.0,0,0
ciciomt2024,3,s768286,clean,0.0,0,0
ciciomt2024,3,s778637,clean,0.0,0,0
ciciomt2024,3,s254658,clean,0.0,0,0
ciciomt2024,3,s742114,clean,0.0,0,0
ciciomt2024,3,s179428,clean,0.0,0,0
ciciomt2024,3,s574463,clean,0.0,0,0
ciciomt2024,3,s302659,clean,0.0,0,0
ciciomt2024,3,s259096,clean,0.0,0,0
ciciomt2024,3,s661599,clean,0.0,0,0
ciciomt2024,3,s299866,clean,0.0,0,0
ciciomt2024,3,s218791,clean,0.0,0,0
ciciomt2024,3,s259306,clean,0.0,0,0
ciciomt2024,3,s172935,clean,0.002635,1,0
ciciomt2024,3,s205414,clean,0.0,0,0
ciciomt2024,3,s574182,A1_misdirection,0.0,0,0
ciciomt2024,3,s605791,A1_misdirection,0.0,0,0
ciciomt2024,3,s316492,A1_misdirection,0.0,0,0
ciciomt2024,3,s196106,A1_misdirection,0.0,0,0
ciciomt2024,3,s722840,A1_misdirection,0.0,0,0
ciciomt2024,3,s684453,A1_misdirection,0.0,0,0
ciciomt2024,3,s730147,A1_misdirection,0.0,0,0
ciciomt2024,3,s259289,A1_misdirection,0.0,0,0
ciciomt2024,3,s725340,A1_misdirection,0.0,0,0
ciciomt2024,3,s608872,A1_misdirection,0.050347,1,0
ciciomt2024,3,s701576,A1_misdirection,0.0,0,0
ciciomt2024,3,s265954,A1_misdirection,0.0,0,0
ciciomt2024,3,s278047,A1_misdirection,0.0,0,0
ciciomt2024,3,s659803,A1_misdirection,0.0,0,0
ciciomt2024,3,s179036,A1_misdirection,0.0,0,0
ciciomt2024,3,s644624,A1_misdirection,0.0,0,0
ciciomt2024,3,s259316,A1_misdirection,0.0,0,0
ciciomt2024,3,s251896,A1_misdirection,0.0,0,0
ciciomt2024,3,s768472,A1_misdirection,0.0,0,0
ciciomt2024,3,s600011,A1_misdirection,0.0,0,0
ciciomt2024,3,s722283,A1_misdirection,0.0,0,0
ciciomt2024,3,s771097,A1_misdirection,0.0,0,0
ciciomt2024,3,s762702,A1_misdirection,0.0,0,0
ciciomt2024,3,s728981,A1_misdirection,0.0,0,0
ciciomt2024,3,s777772,A1_misdirection,0.0,0,0
ciciomt2024,3,s231798,A1_misdirection,0.032094,1,0
ciciomt2024,3,s659590,A1_misdirection,0.0,0,0
ciciomt2024,3,s736720,A1_misdirection,0.0,0,0
ciciomt2024,3,s260270,A1_misdirection,0.0,0,0
ciciomt2024,3,s706497,A1_misdirection,0.0,0,0
ciciomt2024,3,s709016,A1_misdirection,0.0,0,0
ciciomt2024,3,s632986,A1_misdirection,0.0,0,0
ciciomt2024,3,s659586,A1_misdirection,0.0,0,0
ciciomt2024,3,s641324,A1_misdirection,0.0,0,0
ciciomt2024,3,s707236,A1_misdirection,0.0,0,0
ciciomt2024,3,s195443,A1_misdirection,0.0,0,0
ciciomt2024,3,s299624,A1_misdirection,0.0,0,0
ciciomt2024,3,s690280,A1_misdirection,0.0,0,0
ciciomt2024,3,s177877,A1_misdirection,0.0,0,0
ciciomt2024,3,s274410,A1_misdirection,0.0,0,0
ciciomt2024,3,s275589,A1_misdirection,0.0,0,0
ciciomt2024,3,s685809,A1_misdirection,0.0,0,0
ciciomt2024,3,s698254,A1_misdirection,0.0,0,0
ciciomt2024,3,s736293,A1_misdirection,0.0,0,0
ciciomt2024,3,s678047,A1_misdirection,0.0,0,0
ciciomt2024,3,s590223,A1_misdirection,0.0,0,0
ciciomt2024,3,s768286,A1_misdirection,0.0,0,0
ciciomt2024,3,s778637,A1_misdirection,0.0,0,0
ciciomt2024,3,s254658,A1_misdirection,0.0,0,0
ciciomt2024,3,s742114,A1_misdirection,0.0,0,0
ciciomt2024,3,s179428,A1_misdirection,0.0,0,0
ciciomt2024,3,s574463,A1_misdirection,0.0,0,0
ciciomt2024,3,s302659,A1_misdirection,0.0,0,0
ciciomt2024,3,s259096,A1_misdirection,0.0,0,0
ciciomt2024,3,s661599,A1_misdirection,0.0,0,0
ciciomt2024,3,s299866,A1_misdirection,0.0,0,0
ciciomt2024,3,s218791,A1_misdirection,0.0,0,0
ciciomt2024,3,s259306,A1_misdirection,0.013499,1,0
ciciomt2024,3,s172935,A1_misdirection,0.0,0,0
ciciomt2024,3,s205414,A1_misdirection,0.034973,1,0
ciciomt2024,3,s574182,A1_displacement,0.072099,1,0
ciciomt2024,3,s605791,A1_displacement,0.0,0,0
ciciomt2024,3,s316492,A1_displacement,0.0,0,0
ciciomt2024,3,s196106,A1_displacement,0.0,0,0
ciciomt2024,3,s722840,A1_displacement,0.0,0,0
ciciomt2024,3,s684453,A1_displacement,0.0,0,0
ciciomt2024,3,s730147,A1_displacement,0.0,0,0
ciciomt2024,3,s259289,A1_displacement,0.0,0,0
ciciomt2024,3,s725340,A1_displacement,0.0,0,0
ciciomt2024,3,s608872,A1_displacement,0.0,0,0
ciciomt2024,3,s701576,A1_displacement,0.0,0,0
ciciomt2024,3,s265954,A1_displacement,0.0,0,0
ciciomt2024,3,s278047,A1_displacement,0.0,0,0
ciciomt2024,3,s659803,A1_displacement,0.038002,1,0
ciciomt2024,3,s179036,A1_displacement,0.0,0,0
ciciomt2024,3,s644624,A1_displacement,0.0,0,0
ciciomt2024,3,s259316,A1_displacement,0.004758,1,0
ciciomt2024,3,s251896,A1_displacement,0.0,0,0
ciciomt2024,3,s768472,A1_displacement,0.0,0,0
ciciomt2024,3,s600011,A1_displacement,0.0,0,0
ciciomt2024,3,s722283,A1_displacement,0.0,0,0
ciciomt2024,3,s771097,A1_displacement,0.0,0,0
ciciomt2024,3,s762702,A1_displacement,0.0,0,0
ciciomt2024,3,s728981,A1_displacement,0.015771,1,0
ciciomt2024,3,s777772,A1_displacement,0.0,0,0
ciciomt2024,3,s231798,A1_displacement,0.01809,1,0
ciciomt2024,3,s659590,A1_displacement,0.046466,1,0
ciciomt2024,3,s736720,A1_displacement,0.036467,1,0
ciciomt2024,3,s260270,A1_displacement,0.0,0,0
ciciomt2024,3,s706497,A1_displacement,0.0,0,0
ciciomt2024,3,s709016,A1_displacement,0.0,0,0
ciciomt2024,3,s632986,A1_displacement,0.029343,1,0
ciciomt2024,3,s659586,A1_displacement,0.0,0,0
ciciomt2024,3,s641324,A1_displacement,0.0,0,0
ciciomt2024,3,s707236,A1_displacement,0.000527,1,0
ciciomt2024,3,s195443,A1_displacement,0.0,0,0
ciciomt2024,3,s299624,A1_displacement,0.0,0,0
ciciomt2024,3,s690280,A1_displacement,0.026699,1,0
ciciomt2024,3,s177877,A1_displacement,0.0,0,0
ciciomt2024,3,s274410,A1_displacement,0.0,0,0
ciciomt2024,3,s275589,A1_displacement,0.0,0,0
ciciomt2024,3,s685809,A1_displacement,0.0,0,0
ciciomt2024,3,s698254,A1_displacement,0.0,0,0
ciciomt2024,3,s736293,A1_displacement,0.0,0,0
ciciomt2024,3,s678047,A1_displacement,0.0,0,0
ciciomt2024,3,s590223,A1_displacement,0.0,0,0
ciciomt2024,3,s768286,A1_displacement,0.0,0,0
ciciomt2024,3,s778637,A1_displacement,0.0,0,0
ciciomt2024,3,s254658,A1_displacement,0.0,0,0
ciciomt2024,3,s742114,A1_displacement,0.0,0,0
ciciomt2024,3,s179428,A1_displacement,0.098295,1,1
ciciomt2024,3,s574463,A1_displacement,0.0,0,0
ciciomt2024,3,s302659,A1_displacement,0.024147,1,0
ciciomt2024,3,s259096,A1_displacement,0.0,0,0
ciciomt2024,3,s661599,A1_displacement,0.006902,1,0
ciciomt2024,3,s299866,A1_displacement,0.0,0,0
ciciomt2024,3,s218791,A1_displacement,0.0,0,0
ciciomt2024,3,s259306,A1_displacement,0.0,0,0
ciciomt2024,3,s172935,A1_displacement,0.0,0,0
ciciomt2024,3,s205414,A1_displacement,0.021675,1,0
ciciomt2024,3,s574182,A3_scaffolding,0.0,0,0
ciciomt2024,3,s605791,A3_scaffolding,0.0,0,0
ciciomt2024,3,s316492,A3_scaffolding,0.0,0,0
ciciomt2024,3,s196106,A3_scaffolding,0.0,0,0
ciciomt2024,3,s722840,A3_scaffolding,0.0,0,0
ciciomt2024,3,s684453,A3_scaffolding,0.0,0,0
ciciomt2024,3,s730147,A3_scaffolding,0.0,0,0
ciciomt2024,3,s259289,A3_scaffolding,0.0,0,0
ciciomt2024,3,s725340,A3_scaffolding,0.0,0,0
ciciomt2024,3,s608872,A3_scaffolding,0.0,0,0
ciciomt2024,3,s701576,A3_scaffolding,0.0,0,0
ciciomt2024,3,s265954,A3_scaffolding,0.0,0,0
ciciomt2024,3,s278047,A3_scaffolding,0.0,0,0
ciciomt2024,3,s659803,A3_scaffolding,0.0,0,0
ciciomt2024,3,s179036,A3_scaffolding,0.0,0,0
ciciomt2024,3,s644624,A3_scaffolding,0.0,0,0
ciciomt2024,3,s259316,A3_scaffolding,0.0,0,0
ciciomt2024,3,s251896,A3_scaffolding,0.0,0,0
ciciomt2024,3,s768472,A3_scaffolding,0.0,0,0
ciciomt2024,3,s600011,A3_scaffolding,0.0,0,0
ciciomt2024,3,s722283,A3_scaffolding,0.0,0,0
ciciomt2024,3,s771097,A3_scaffolding,0.0,0,0
ciciomt2024,3,s762702,A3_scaffolding,0.0,0,0
ciciomt2024,3,s728981,A3_scaffolding,0.0,0,0
ciciomt2024,3,s777772,A3_scaffolding,0.0,0,0
ciciomt2024,3,s231798,A3_scaffolding,0.0,0,0
ciciomt2024,3,s659590,A3_scaffolding,0.0,0,0
ciciomt2024,3,s736720,A3_scaffolding,0.0,0,0
ciciomt2024,3,s260270,A3_scaffolding,0.0,0,0
ciciomt2024,3,s706497,A3_scaffolding,0.0,0,0
ciciomt2024,3,s709016,A3_scaffolding,0.0,0,0
ciciomt2024,3,s632986,A3_scaffolding,0.0,0,0
ciciomt2024,3,s659586,A3_scaffolding,0.0,0,0
ciciomt2024,3,s641324,A3_scaffolding,0.0,0,0
ciciomt2024,3,s707236,A3_scaffolding,0.0,0,0
ciciomt2024,3,s195443,A3_scaffolding,0.0,0,0
ciciomt2024,3,s299624,A3_scaffolding,0.0,0,0
ciciomt2024,3,s690280,A3_scaffolding,0.0,0,0
ciciomt2024,3,s177877,A3_scaffolding,0.0,0,0
ciciomt2024,3,s274410,A3_scaffolding,0.0,0,0
ciciomt2024,3,s275589,A3_scaffolding,0.0,0,0
ciciomt2024,3,s685809,A3_scaffolding,0.0,0,0
ciciomt2024,3,s698254,A3_scaffolding,0.0,0,0
ciciomt2024,3,s736293,A3_scaffolding,0.0,0,0
ciciomt2024,3,s678047,A3_scaffolding,0.0,0,0
ciciomt2024,3,s590223,A3_scaffolding,0.0,0,0
ciciomt2024,3,s768286,A3_scaffolding,0.0,0,0
ciciomt2024,3,s778637,A3_scaffolding,0.0,0,0
ciciomt2024,3,s254658,A3_scaffolding,0.0,0,0
ciciomt2024,3,s742114,A3_scaffolding,0.0,0,0
ciciomt2024,3,s179428,A3_scaffolding,0.0,0,0
ciciomt2024,3,s574463,A3_scaffolding,0.0,0,0
ciciomt2024,3,s302659,A3_scaffolding,0.0,0,0
ciciomt2024,3,s259096,A3_scaffolding,0.0,0,0
ciciomt2024,3,s661599,A3_scaffolding,0.0,0,0
ciciomt2024,3,s299866,A3_scaffolding,0.0,0,0
ciciomt2024,3,s218791,A3_scaffolding,0.0,0,0
ciciomt2024,3,s259306,A3_scaffolding,0.0,0,0
ciciomt2024,3,s172935,A3_scaffolding,0.0,0,0
ciciomt2024,3,s205414,A3_scaffolding,0.0,0,0
ciciomt2024,4,s644860,clean,0.020464,1,0
ciciomt2024,4,s598565,clean,0.0,0,0
ciciomt2024,4,s581190,clean,0.0,0,0
ciciomt2024,4,s754123,clean,0.032094,1,0
ciciomt2024,4,s766274,clean,0.0,0,0
ciciomt2024,4,s308803,clean,0.0,0,0
ciciomt2024,4,s598734,clean,0.0,0,0
ciciomt2024,4,s701522,clean,0.0,0,0
ciciomt2024,4,s769429,clean,0.0,0,0
ciciomt2024,4,s312703,clean,0.00907,1,0
ciciomt2024,4,s654010,clean,0.0,0,0
ciciomt2024,4,s661649,clean,0.0,0,0
ciciomt2024,4,s200079,clean,0.0,0,0
ciciomt2024,4,s209349,clean,0.0,0,0
ciciomt2024,4,s258183,clean,0.0,0,0
ciciomt2024,4,s629329,clean,0.0,0,0
ciciomt2024,4,s640112,clean,0.0,0,0
ciciomt2024,4,s217960,clean,0.01809,1,0
ciciomt2024,4,s681188,clean,0.010164,1,0
ciciomt2024,4,s276942,clean,0.0,0,0
ciciomt2024,4,s613644,clean,0.005827,1,0
ciciomt2024,4,s711716,clean,0.0,0,0
ciciomt2024,4,s754455,clean,0.00907,1,0
ciciomt2024,4,s226205,clean,0.0,0,0
ciciomt2024,4,s759528,clean,0.0,0,0
ciciomt2024,4,s217079,clean,0.012378,1,0
ciciomt2024,4,s303962,clean,0.0,0,0
ciciomt2024,4,s730815,clean,0.0,0,0
ciciomt2024,4,s688931,clean,0.0,0,0
ciciomt2024,4,s702432,clean,0.0,0,0
ciciomt2024,4,s217416,clean,0.012378,1,0
ciciomt2024,4,s635799,clean,0.002635,1,0
ciciomt2024,4,s206860,clean,0.021675,1,0
ciciomt2024,4,s264817,clean,0.005827,1,0
ciciomt2024,4,s264662,clean,0.011267,1,0
ciciomt2024,4,s609215,clean,0.0,0,0
ciciomt2024,4,s204994,clean,0.0,0,0
ciciomt2024,4,s760353,clean,0.007983,1,0
ciciomt2024,4,s197865,clean,0.0,0,0
ciciomt2024,4,s176478,clean,0.007983,1,0
ciciomt2024,4,s597225,clean,0.0,0,0
ciciomt2024,4,s295506,clean,0.011267,1,0
ciciomt2024,4,s667502,clean,0.0,0,0
ciciomt2024,4,s647343,clean,0.024147,1,0
ciciomt2024,4,s684665,clean,0.012378,1,0
ciciomt2024,4,s168146,clean,0.0,0,0
ciciomt2024,4,s166087,clean,0.0,0,0
ciciomt2024,4,s661357,clean,0.0,0,0
ciciomt2024,4,s734783,clean,0.0,0,0
ciciomt2024,4,s647696,clean,0.004758,1,0
ciciomt2024,4,s273336,clean,0.0,0,0
ciciomt2024,4,s168724,clean,0.005827,1,0
ciciomt2024,4,s165941,clean,0.022902,1,0
ciciomt2024,4,s631498,clean,0.005827,1,0
ciciomt2024,4,s305681,clean,0.016924,1,0
ciciomt2024,4,s309059,clean,0.0,0,0
ciciomt2024,4,s296933,clean,0.016924,1,0
ciciomt2024,4,s665552,clean,0.004758,1,0
ciciomt2024,4,s603822,clean,0.004758,1,0
ciciomt2024,4,s290895,clean,0.022902,1,0
ciciomt2024,4,s644860,A1_misdirection,0.044649,1,0
ciciomt2024,4,s598565,A1_misdirection,0.050347,1,0
ciciomt2024,4,s581190,A1_misdirection,0.098295,1,1
ciciomt2024,4,s754123,A1_misdirection,0.0,0,0
ciciomt2024,4,s766274,A1_misdirection,0.032094,1,0
ciciomt2024,4,s308803,A1_misdirection,0.003694,1,0
ciciomt2024,4,s598734,A1_misdirection,0.007983,1,0
ciciomt2024,4,s701522,A1_misdirection,0.098295,1,1
ciciomt2024,4,s769429,A1_misdirection,0.098295,1,1
ciciomt2024,4,s312703,A1_misdirection,0.098295,1,1
ciciomt2024,4,s654010,A1_misdirection,0.0,0,0
ciciomt2024,4,s661649,A1_misdirection,0.0,0,0
ciciomt2024,4,s200079,A1_misdirection,0.0,0,0
ciciomt2024,4,s209349,A1_misdirection,0.098295,1,1
ciciomt2024,4,s258183,A1_misdirection,0.025413,1,0
ciciomt2024,4,s629329,A1_misdirection,0.098295,1,1
ciciomt2024,4,s640112,A1_misdirection,0.098295,1,1
ciciomt2024,4,s217960,A1_misdirection,0.098295,1,1
ciciomt2024,4,s681188,A1_misdirection,0.007983,1,0
ciciomt2024,4,s276942,A1_misdirection,0.005827,1,0
ciciomt2024,4,s613644,A1_misdirection,0.098295,1,1
ciciomt2024,4,s711716,A1_misdirection,0.098295,1,1
ciciomt2024,4,s754455,A1_misdirection,0.0,0,0
ciciomt2024,4,s226205,A1_misdirection,0.098295,1,1
ciciomt2024,4,s759528,A1_misdirection,0.0,0,0
ciciomt2024,4,s217079,A1_misdirection,0.098295,1,1
ciciomt2024,4,s303962,A1_misdirection,0.0,0,0
ciciomt2024,4,s730815,A1_misdirection,0.029343,1,0
ciciomt2024,4,s688931,A1_misdirection,0.098295,1,1
ciciomt2024,4,s702432,A1_misdirection,0.0,0,0
ciciomt2024,4,s217416,A1_misdirection,0.014629,1,0
ciciomt2024,4,s635799,A1_misdirection,0.098295,1,1
ciciomt2024,4,s206860,A1_misdirection,0.088167,1,0
ciciomt2024,4,s264817,A1_misdirection,0.0,0,0
ciciomt2024,4,s264662,A1_misdirection,0.0,0,0
ciciomt2024,4,s609215,A1_misdirection,0.011267,1,0
ciciomt2024,4,s204994,A1_misdirection,0.0,0,0
ciciomt2024,4,s760353,A1_misdirection,0.05698,1,0
ciciomt2024,4,s197865,A1_misdirection,0.0,0,0
ciciomt2024,4,s176478,A1_misdirection,0.012378,1,0
ciciomt2024,4,s597225,A1_misdirection,0.0429,1,0
ciciomt2024,4,s295506,A1_misdirection,0.0,0,0
ciciomt2024,4,s667502,A1_misdirection,0.0,0,0
ciciomt2024,4,s647343,A1_misdirection,0.011267,1,0
ciciomt2024,4,s684665,A1_misdirection,0.0,0,0
ciciomt2024,4,s168146,A1_misdirection,0.046466,1,0
ciciomt2024,4,s166087,A1_misdirection,0.068415,1,0
ciciomt2024,4,s661357,A1_misdirection,0.028009,1,0
ciciomt2024,4,s734783,A1_misdirection,0.0,0,0
ciciomt2024,4,s647696,A1_misdirection,0.098295,1,1
ciciomt2024,4,s273336,A1_misdirection,0.0,0,0
ciciomt2024,4,s168724,A1_misdirection,0.01809,1,0
ciciomt2024,4,s165941,A1_misdirection,0.036467,1,0
ciciomt2024,4,s631498,A1_misdirection,0.098295,1,1
ciciomt2024,4,s305681,A1_misdirection,0.0,0,0
ciciomt2024,4,s309059,A1_misdirection,0.003694,1,0
ciciomt2024,4,s296933,A1_misdirection,0.098295,1,1
ciciomt2024,4,s665552,A1_misdirection,0.0,0,0
ciciomt2024,4,s603822,A1_misdirection,0.098295,1,1
ciciomt2024,4,s290895,A1_misdirection,0.006902,1,0
ciciomt2024,4,s644860,A1_displacement,0.002635,1,0
ciciomt2024,4,s598565,A1_displacement,0.011267,1,0
ciciomt2024,4,s581190,A1_displacement,0.0,0,0
ciciomt2024,4,s754123,A1_displacement,0.098295,1,1
ciciomt2024,4,s766274,A1_displacement,0.098295,1,1
ciciomt2024,4,s308803,A1_displacement,0.065147,1,0
ciciomt2024,4,s598734,A1_displacement,0.0,0,0
ciciomt2024,4,s701522,A1_displacement,0.007983,1,0
ciciomt2024,4,s769429,A1_displacement,0.072099,1,0
ciciomt2024,4,s312703,A1_displacement,0.000527,1,0
ciciomt2024,4,s654010,A1_displacement,0.032094,1,0
ciciomt2024,4,s661649,A1_displacement,0.0,0,0
ciciomt2024,4,s200079,A1_displacement,0.05698,1,0
ciciomt2024,4,s209349,A1_displacement,0.0429,1,0
ciciomt2024,4,s258183,A1_displacement,0.003694,1,0
ciciomt2024,4,s629329,A1_displacement,0.041214,1,0
ciciomt2024,4,s640112,A1_displacement,0.0,0,0
ciciomt2024,4,s217960,A1_displacement,0.0,0,0
ciciomt2024,4,s681188,A1_displacement,0.010164,1,0
ciciomt2024,4,s276942,A1_displacement,0.0,0,0
ciciomt2024,4,s613644,A1_displacement,0.004758,1,0
ciciomt2024,4,s711716,A1_displacement,0.029343,1,0
ciciomt2024,4,s754455,A1_displacement,0.0429,1,0
ciciomt2024,4,s226205,A1_displacement,0.0,0,0
ciciomt2024,4,s759528,A1_displacement,0.0,0,0
ciciomt2024,4,s217079,A1_displacement,0.0,0,0
ciciomt2024,4,s303962,A1_displacement,0.0,0,0
ciciomt2024,4,s730815,A1_displacement,0.0,0,0
ciciomt2024,4,s688931,A1_displacement,0.076365,1,0
ciciomt2024,4,s702432,A1_displacement,0.0,0,0
ciciomt2024,4,s217416,A1_displacement,0.0,0,0
ciciomt2024,4,s635799,A1_displacement,0.025413,1,0
ciciomt2024,4,s206860,A1_displacement,0.0,0,0
ciciomt2024,4,s264817,A1_displacement,0.0429,1,0
ciciomt2024,4,s264662,A1_displacement,0.005827,1,0
ciciomt2024,4,s609215,A1_displacement,0.0,0,0
ciciomt2024,4,s204994,A1_displacement,0.098295,1,1
ciciomt2024,4,s760353,A1_displacement,0.034973,1,0
ciciomt2024,4,s197865,A1_displacement,0.072099,1,0
ciciomt2024,4,s176478,A1_displacement,0.005827,1,0
ciciomt2024,4,s597225,A1_displacement,0.021675,1,0
ciciomt2024,4,s295506,A1_displacement,0.012378,1,0
ciciomt2024,4,s667502,A1_displacement,0.011267,1,0
ciciomt2024,4,s647343,A1_displacement,0.081508,1,0
ciciomt2024,4,s684665,A1_displacement,0.0,0,0
ciciomt2024,4,s168146,A1_displacement,0.0,0,0
ciciomt2024,4,s166087,A1_displacement,0.0,0,0
ciciomt2024,4,s661357,A1_displacement,0.0,0,0
ciciomt2024,4,s734783,A1_displacement,0.0,0,0
ciciomt2024,4,s647696,A1_displacement,0.016924,1,0
ciciomt2024,4,s273336,A1_displacement,0.0,0,0
ciciomt2024,4,s168724,A1_displacement,0.0429,1,0
ciciomt2024,4,s165941,A1_displacement,0.0,0,0
ciciomt2024,4,s631498,A1_displacement,0.0,0,0
ciciomt2024,4,s305681,A1_displacement,0.0,0,0
ciciomt2024,4,s309059,A1_displacement,0.0,0,0
ciciomt2024,4,s296933,A1_displacement,0.046466,1,0
ciciomt2024,4,s665552,A1_displacement,0.003694,1,0
ciciomt2024,4,s603822,A1_displacement,0.0,0,0
ciciomt2024,4,s290895,A1_displacement,0.0,0,0
ciciomt2024,4,s644860,A3_scaffolding,0.015771,1,0
ciciomt2024,4,s598565,A3_scaffolding,0.0,0,0
ciciomt2024,4,s581190,A3_scaffolding,0.0,0,0
ciciomt2024,4,s754123,A3_scaffolding,0.041214,1,0
ciciomt2024,4,s766274,A3_scaffolding,0.0,0,0
ciciomt2024,4,s308803,A3_scaffolding,0.0,0,0
ciciomt2024,4,s598734,A3_scaffolding,0.005827,1,0
ciciomt2024,4,s701522,A3_scaffolding,0.0,0,0
ciciomt2024,4,s769429,A3_scaffolding,0.0,0,0
ciciomt2024,4,s312703,A3_scaffolding,0.015771,1,0
ciciomt2024,4,s654010,A3_scaffolding,0.0,0,0
ciciomt2024,4,s661649,A3_scaffolding,0.0,0,0
ciciomt2024,4,s200079,A3_scaffolding,0.0,0,0
ciciomt2024,4,s209349,A3_scaffolding,0.0,0,0
ciciomt2024,4,s258183,A3_scaffolding,0.0,0,0
ciciomt2024,4,s629329,A3_scaffolding,0.0,0,0
ciciomt2024,4,s640112,A3_scaffolding,0.0,0,0
ciciomt2024,4,s217960,A3_scaffolding,0.011267,1,0
ciciomt2024,4,s681188,A3_scaffolding,0.0,0,0
ciciomt2024,4,s276942,A3_scaffolding,0.0,0,0
ciciomt2024,4,s613644,A3_scaffolding,0.0,0,0
ciciomt2024,4,s711716,A3_scaffolding,0.0,0,0
ciciomt2024,4,s754455,A3_scaffolding,0.004758,1,0
ciciomt2024,4,s226205,A3_scaffolding,0.0,0,0
ciciomt2024,4,s759528,A3_scaffolding,0.0,0,0
ciciomt2024,4,s217079,A3_scaffolding,0.016924,1,0
ciciomt2024,4,s303962,A3_scaffolding,0.0,0,0
ciciomt2024,4,s730815,A3_scaffolding,0.0,0,0
ciciomt2024,4,s688931,A3_scaffolding,0.005827,1,0
ciciomt2024,4,s702432,A3_scaffolding,0.000527,1,0
ciciomt2024,4,s217416,A3_scaffolding,0.014629,1,0
ciciomt2024,4,s635799,A3_scaffolding,0.000527,1,0
ciciomt2024,4,s206860,A3_scaffolding,0.014629,1,0
ciciomt2024,4,s264817,A3_scaffolding,0.0,0,0
ciciomt2024,4,s264662,A3_scaffolding,0.01927,1,0
ciciomt2024,4,s609215,A3_scaffolding,0.0,0,0
ciciomt2024,4,s204994,A3_scaffolding,0.0,0,0
ciciomt2024,4,s760353,A3_scaffolding,0.013499,1,0
ciciomt2024,4,s197865,A3_scaffolding,0.0,0,0
ciciomt2024,4,s176478,A3_scaffolding,0.01809,1,0
ciciomt2024,4,s597225,A3_scaffolding,0.002635,1,0
ciciomt2024,4,s295506,A3_scaffolding,0.005827,1,0
ciciomt2024,4,s667502,A3_scaffolding,0.0,0,0
ciciomt2024,4,s647343,A3_scaffolding,0.020464,1,0
ciciomt2024,4,s684665,A3_scaffolding,0.016924,1,0
ciciomt2024,4,s168146,A3_scaffolding,0.0,0,0
ciciomt2024,4,s166087,A3_scaffolding,0.0,0,0
ciciomt2024,4,s661357,A3_scaffolding,0.0,0,0
ciciomt2024,4,s734783,A3_scaffolding,0.0,0,0
ciciomt2024,4,s647696,A3_scaffolding,0.004758,1,0
ciciomt2024,4,s273336,A3_scaffolding,0.0,0,0
ciciomt2024,4,s168724,A3_scaffolding,0.0,0,0
ciciomt2024,4,s165941,A3_scaffolding,0.007983,1,0
ciciomt2024,4,s631498,A3_scaffolding,0.005827,1,0
ciciomt2024,4,s305681,A3_scaffolding,0.014629,1,0
ciciomt2024,4,s309059,A3_scaffolding,0.0,0,0
ciciomt2024,4,s296933,A3_scaffolding,0.010164,1,0
ciciomt2024,4,s665552,A3_scaffolding,0.011267,1,0
ciciomt2024,4,s603822,A3_scaffolding,0.0,0,0
ciciomt2024,4,s290895,A3_scaffolding,0.00907,1,0
