seed,condition,radius
0,clean,0.005827
0,clean,0.0
0,clean,0.098295
0,clean,0.020464
0,clean,0.0
0,clean,0.059487
0,clean,0.065147
0,clean,0.081508
0,clean,0.030704
0,clean,0.05698
0,clean,0.00907
0,clean,0.038002
0,clean,0.003694
0,clean,0.050347
0,clean,0.004758
0,clean,0.0
0,clean,0.0
0,clean,0.0
0,clean,0.0
0,clean,0.015771
0,clean,0.0
0,clean,0.029343
0,clean,0.013499
0,clean,0.050347
0,clean,0.0
0,clean,0.059487
0,clean,0.033516
0,clean,0.013499
0,clean,0.01809
0,clean,0.054638
0,clean,0.098295
0,clean,0.044649
0,clean,0.014629
0,clean,0.062194
0,clean,0.05698
0,clean,0.0
0,clean,0.081508
0,clean,0.007983
0,clean,0.030704
0,clean,0.0
0,A1_misdirection,0.098295
0,A1_misdirection,0.098295
0,A1_misdirection,0.098295
0,A1_misdirection,0.098295
0,A1_misdirection,0.068415
0,A1_misdirection,0.098295
0,A1_misdirection,0.098295
0,A1_misdirection,0.0
0,A1_misdirection,0.076365
0,A1_misdirection,0.098295
0,A1_misdirection,0.098295
0,A1_misdirection,0.098295
0,A1_misdirection,0.098295
0,A1_misdirection,0.038002
0,A1_misdirection,0.098295
0,A1_misdirection,0.098295
0,A1_misdirection,0.016924
0,A1_misdirection,0.098295
0,A1_misdirection,0.098295
0,A1_misdirection,0.098295
0,A1_misdirection,0.050347
0,A1_misdirection,0.098295
0,A1_misdirection,0.029343
0,A1_misdirection,0.088167
0,A1_misdirection,0.098295
0,A1_misdirection,0.003694
0,A1_misdirection,0.098295
0,A1_misdirection,0.098295
0,A1_misdirection,0.098295
0,A1_misdirection,0.028009
0,A1_misdirection,0.098295
0,A1_misdirection,0.098295
0,A1_misdirection,0.065147
0,A1_misdirection,0.098295
0,A1_misdirection,0.065147
0,A1_misdirection,0.098295
0,A1_misdirection,0.098295
0,A1_misdirection,0.098295
0,A1_misdirection,0.076365
0,A1_misdirection,0.098295
0,A1_displacement,0.098295
0,A1_displacement,0.002635
0,A1_displacement,0.054638
0,A1_displacement,0.001579
0,A1_displacement,0.015771
0,A1_displacement,0.028009
0,A1_displacement,0.039583
0,A1_displacement,0.044649
0,A1_displacement,0.006902
0,A1_displacement,0.004758
0,A1_displacement,0.0
0,A1_displacement,0.039583
0,A1_displacement,0.098295
0,A1_displacement,0.032094
0,A1_displacement,0.0
0,A1_displacement,0.0429
0,A1_displacement,0.0
0,A1_displacement,0.0
0,A1_displacement,0.0
0,A1_displacement,0.098295
0,A1_displacement,0.036467
0,A1_displacement,0.0
0,A1_displacement,0.0
0,A1_displacement,0.003694
0,A1_displacement,0.098295
0,A1_displacement,0.0
0,A1_displacement,0.022902
0,A1_displacement,0.024147
0,A1_displacement,0.039583
0,A1_displacement,0.0
0,A1_displacement,0.098295
0,A1_displacement,0.0
0,A1_displacement,0.024147
0,A1_displacement,0.0
0,A1_displacement,0.030704
0,A1_displacement,0.098295
0,A1_displacement,0.044649
0,A1_displacement,0.0
0,A1_displacement,0.003694
0,A1_displacement,0.076365
1,clean,0.088167
1,clean,0.002635
1,clean,0.088167
1,clean,0.036467
1,clean,0.098295
1,clean,0.013499
1,clean,0.048362
1,clean,0.054638
1,clean,0.0
1,clean,0.098295
1,clean,0.098295
1,clean,0.039583
1,clean,0.01809
1,clean,0.010164
1,clean,0.012378
1,clean,0.025413
1,clean,0.030704
1,clean,0.098295
1,clean,0.021675
1,clean,0.098295
1,clean,0.081508
1,clean,0.028009
1,clean,0.0
1,clean,0.028009
1,clean,0.050347
1,clean,0.041214
1,clean,0.033516
1,clean,0.098295
1,clean,0.098295
1,clean,0.098295
1,clean,0.010164
1,clean,0.098295
1,clean,0.014629
1,clean,0.0
1,clean,0.098295
1,clean,0.098295
1,clean,0.025413
1,clean,0.098295
1,clean,0.015771
1,clean,0.059487
1,A1_misdirection,0.098295
1,A1_misdirection,0.098295
1,A1_misdirection,0.098295
1,A1_misdirection,0.098295
1,A1_misdirection,0.011267
1,A1_misdirection,0.039583
1,A1_misdirection,0.098295
1,A1_misdirection,0.041214
1,A1_misdirection,0.098295
1,A1_misdirection,0.098295
1,A1_misdirection,0.098295
1,A1_misdirection,0.098295
1,A1_misdirection,0.098295
1,A1_misdirection,0.0
1,A1_misdirection,0.098295
1,A1_misdirection,0.098295
1,A1_misdirection,0.098295
1,A1_misdirection,0.098295
1,A1_misdirection,0.098295
1,A1_misdirection,0.098295
1,A1_misdirection,0.098295
1,A1_misdirection,0.098295
1,A1_misdirection,0.098295
1,A1_misdirection,0.098295
1,A1_misdirection,0.002635
1,A1_misdirection,0.098295
1,A1_misdirection,0.072099
1,A1_misdirection,0.098295
1,A1_misdirection,0.098295
1,A1_misdirection,0.098295
1,A1_misdirection,0.098295
1,A1_misdirection,0.098295
1,A1_misdirection,0.046466
1,A1_misdirection,0.098295
1,A1_misdirection,0.098295
1,A1_misdirection,0.098295
1,A1_misdirection,0.032094
1,A1_misdirection,0.098295
1,A1_misdirection,0.098295
1,A1_misdirection,0.098295
1,A1_displacement,0.001579
1,A1_displacement,0.046466
1,A1_displacement,0.014629
1,A1_displacement,0.0
1,A1_displacement,0.026699
1,A1_displacement,0.065147
1,A1_displacement,0.0
1,A1_displacement,0.0
1,A1_displacement,0.020464
1,A1_displacement,0.0
1,A1_displacement,0.028009
1,A1_displacement,0.088167
1,A1_displacement,0.05698
1,A1_displacement,0.016924
1,A1_displacement,0.050347
1,A1_displacement,0.015771
1,A1_displacement,0.098295
1,A1_displacement,0.0
1,A1_displacement,0.0429
1,A1_displacement,0.006902
1,A1_displacement,0.050347
1,A1_displacement,0.048362
1,A1_displacement,0.081508
1,A1_displacement,0.0
1,A1_displacement,0.039583
1,A1_displacement,0.005827
1,A1_displacement,0.0
1,A1_displacement,0.098295
1,A1_displacement,0.098295
1,A1_displacement,0.021675
1,A1_displacement,0.0429
1,A1_displacement,0.0
1,A1_displacement,0.021675
1,A1_displacement,0.062194
1,A1_displacement,0.098295
1,A1_displacement,0.052433
1,A1_displacement,0.033516
1,A1_displacement,0.011267
1,A1_displacement,0.013499
1,A1_displacement,0.039583
2,clean,0.098295
2,clean,0.076365
2,clean,0.088167
2,clean,0.098295
2,clean,0.076365
2,clean,0.098295
2,clean,0.001579
2,clean,0.098295
2,clean,0.0
2,clean,0.098295
2,clean,0.0429
2,clean,0.021675
2,clean,0.098295
2,clean,0.098295
2,clean,0.013499
2,clean,0.0
2,clean,0.076365
2,clean,0.076365
2,clean,0.088167
2,clean,0.098295
2,clean,0.013499
2,clean,0.081508
2,clean,0.0
2,clean,0.098295
2,clean,0.01927
2,clean,0.052433
2,clean,0.048362
2,clean,0.081508
2,clean,0.006902
2,clean,0.000527
2,clean,0.030704
2,clean,0.081508
2,clean,0.015771
2,clean,0.036467
2,clean,0.033516
2,clean,0.098295
2,clean,0.098295
2,clean,0.05698
2,clean,0.076365
2,clean,0.098295
2,A1_misdirection,0.098295
2,A1_misdirection,0.098295
2,A1_misdirection,0.098295
2,A1_misdirection,0.098295
2,A1_misdirection,0.098295
2,A1_misdirection,0.01927
2,A1_misdirection,0.098295
2,A1_misdirection,0.098295
2,A1_misdirection,0.088167
2,A1_misdirection,0.098295
2,A1_misdirection,0.098295
2,A1_misdirection,0.098295
2,A1_misdirection,0.098295
2,A1_misdirection,0.006902
2,A1_misdirection,0.098295
2,A1_misdirection,0.098295
2,A1_misdirection,0.098295
2,A1_misdirection,0.098295
2,A1_misdirection,0.098295
2,A1_misdirection,0.088167
2,A1_misdirection,0.065147
2,A1_misdirection,0.098295
2,A1_misdirection,0.098295
2,A1_misdirection,0.098295
2,A1_misdirection,0.098295
2,A1_misdirection,0.098295
2,A1_misdirection,0.098295
2,A1_misdirection,0.098295
2,A1_misdirection,0.098295
2,A1_misdirection,0.098295
2,A1_misdirection,0.098295
2,A1_misdirection,0.0
2,A1_misdirection,0.098295
2,A1_misdirection,0.098295
2,A1_misdirection,0.098295
2,A1_misdirection,0.098295
2,A1_misdirection,0.098295
2,A1_misdirection,0.098295
2,A1_misdirection,0.068415
2,A1_misdirection,0.098295
2,A1_displacement,0.0
2,A1_displacement,0.016924
2,A1_displacement,0.0
2,A1_displacement,0.016924
2,A1_displacement,0.0
2,A1_displacement,0.004758
2,A1_displacement,0.0
2,A1_displacement,0.0
2,A1_displacement,0.00907
2,A1_displacement,0.006902
2,A1_displacement,0.001579
2,A1_displacement,0.0
2,A1_displacement,0.0
2,A1_displacement,0.005827
2,A1_displacement,0.0
2,A1_displacement,0.0
2,A1_displacement,0.005827
2,A1_displacement,0.0
2,A1_displacement,0.041214
2,A1_displacement,0.0
2,A1_displacement,0.0
2,A1_displacement,0.006902
2,A1_displacement,0.0
2,A1_displacement,0.05698
2,A1_displacement,0.0
2,A1_displacement,0.022902
2,A1_displacement,0.032094
2,A1_displacement,0.044649
2,A1_displacement,0.0
2,A1_displacement,0.016924
2,A1_displacement,0.052433
2,A1_displacement,0.088167
2,A1_displacement,0.0
2,A1_displacement,0.002635
2,A1_displacement,0.098295
2,A1_displacement,0.0
2,A1_displacement,0.0
2,A1_displacement,0.020464
2,A1_displacement,0.0
2,A1_displacement,0.038002
3,clean,0.098295
3,clean,0.098295
3,clean,0.098295
3,clean,0.098295
3,clean,0.036467
3,clean,0.014629
3,clean,0.098295
3,clean,0.098295
3,clean,0.098295
3,clean,0.098295
3,clean,0.036467
3,clean,0.088167
3,clean,0.098295
3,clean,0.098295
3,clean,0.098295
3,clean,0.098295
3,clean,0.098295
3,clean,0.098295
3,clean,0.098295
3,clean,0.098295
3,clean,0.098295
3,clean,0.098295
3,clean,0.098295
3,clean,0.038002
3,clean,0.036467
3,clean,0.034973
3,clean,0.098295
3,clean,0.088167
3,clean,0.098295
3,clean,0.098295
3,clean,0.005827
3,clean,0.098295
3,clean,0.098295
3,clean,0.098295
3,clean,0.054638
3,clean,0.098295
3,clean,0.098295
3,clean,0.098295
3,clean,0.098295
3,clean,0.098295
3,A1_misdirection,0.098295
3,A1_misdirection,0.098295
3,A1_misdirection,0.098295
3,A1_misdirection,0.098295
3,A1_misdirection,0.098295
3,A1_misdirection,0.098295
3,A1_misdirection,0.098295
3,A1_misdirection,0.098295
3,A1_misdirection,0.098295
3,A1_misdirection,0.098295
3,A1_misdirection,0.098295
3,A1_misdirection,0.098295
3,A1_misdirection,0.098295
3,A1_misdirection,0.098295
3,A1_misdirection,0.098295
3,A1_misdirection,0.098295
3,A1_misdirection,0.098295
3,A1_misdirection,0.098295
3,A1_misdirection,0.098295
3,A1_misdirection,0.098295
3,A1_misdirection,0.010164
3,A1_misdirection,0.098295
3,A1_misdirection,0.098295
3,A1_misdirection,0.098295
3,A1_misdirection,0.050347
3,A1_misdirection,0.098295
3,A1_misdirection,0.098295
3,A1_misdirection,0.098295
3,A1_misdirection,0.098295
3,A1_misdirection,0.005827
3,A1_misdirection,0.098295
3,A1_misdirection,0.098295
3,A1_misdirection,0.098295
3,A1_misdirection,0.098295
3,A1_misdirection,0.098295
3,A1_misdirection,0.098295
3,A1_misdirection,0.098295
3,A1_misdirection,0.098295
3,A1_misdirection,0.098295
3,A1_misdirection,0.098295
3,A1_displacement,0.005827
3,A1_displacement,0.088167
3,A1_displacement,0.046466
3,A1_displacement,0.098295
3,A1_displacement,0.0
3,A1_displacement,0.004758
3,A1_displacement,0.024147
3,A1_displacement,0.059487
3,A1_displacement,0.021675
3,A1_displacement,0.098295
3,A1_displacement,0.098295
3,A1_displacement,0.081508
3,A1_displacement,0.030704
3,A1_displacement,0.020464
3,A1_displacement,0.088167
3,A1_displacement,0.076365
3,A1_displacement,0.098295
3,A1_displacement,0.052433
3,A1_displacement,0.0
3,A1_displacement,0.059487
3,A1_displacement,0.098295
3,A1_displacement,0.005827
3,A1_displacement,0.0
3,A1_displacement,0.0
3,A1_displacement,0.076365
3,A1_displacement,0.076365
3,A1_displacement,0.012378
3,A1_displacement,0.046466
3,A1_displacement,0.098295
3,A1_displacement,0.034973
3,A1_displacement,0.098295
3,A1_displacement,0.028009
3,A1_displacement,0.059487
3,A1_displacement,0.033516
3,A1_displacement,0.0
3,A1_displacement,0.001579
3,A1_displacement,0.065147
3,A1_displacement,0.039583
3,A1_displacement,0.0
3,A1_displacement,0.012378
4,clean,0.005827
4,clean,0.05698
4,clean,0.076365
4,clean,0.0
4,clean,0.062194
4,clean,0.020464
4,clean,0.0
4,clean,0.029343
4,clean,0.088167
4,clean,0.0
4,clean,0.004758
4,clean,0.072099
4,clean,0.036467
4,clean,0.028009
4,clean,0.088167
4,clean,0.076365
4,clean,0.003694
4,clean,0.033516
4,clean,0.044649
4,clean,0.098295
4,clean,0.0
4,clean,0.072099
4,clean,0.098295
4,clean,0.0429
4,clean,0.0
4,clean,0.05698
4,clean,0.0429
4,clean,0.054638
4,clean,0.098295
4,clean,0.0
4,clean,0.030704
4,clean,0.022902
4,clean,0.048362
4,clean,0.029343
4,clean,0.0
4,clean,0.081508
4,clean,0.050347
4,clean,0.0
4,clean,0.0
4,clean,0.015771
4,A1_misdirection,0.041214
4,A1_misdirection,0.098295
4,A1_misdirection,0.098295
4,A1_misdirection,0.098295
4,A1_misdirection,0.081508
4,A1_misdirection,0.012378
4,A1_misdirection,0.065147
4,A1_misdirection,0.098295
4,A1_misdirection,0.098295
4,A1_misdirection,0.098295
4,A1_misdirection,0.034973
4,A1_misdirection,0.05698
4,A1_misdirection,0.098295
4,A1_misdirection,0.003694
4,A1_misdirection,0.059487
4,A1_misdirection,0.065147
4,A1_misdirection,0.098295
4,A1_misdirection,0.072099
4,A1_misdirection,0.098295
4,A1_misdirection,0.098295
4,A1_misdirection,0.098295
4,A1_misdirection,0.098295
4,A1_misdirection,0.020464
4,A1_misdirection,0.076365
4,A1_misdirection,0.098295
4,A1_misdirection,0.088167
4,A1_misdirection,0.098295
4,A1_misdirection,0.098295
4,A1_misdirection,0.098295
4,A1_misdirection,0.016924
4,A1_misdirection,0.098295
4,A1_misdirection,0.098295
4,A1_misdirection,0.098295
4,A1_misdirection,0.098295
4,A1_misdirection,0.098295
4,A1_misdirection,0.098295
4,A1_misdirection,0.004758
4,A1_misdirection,0.098295
4,A1_misdirection,0.098295
4,A1_misdirection,0.012378
4,A1_displacement,0.054638
4,A1_displacement,0.016924
4,A1_displacement,0.076365
4,A1_displacement,0.013499
4,A1_displacement,0.001579
4,A1_displacement,0.010164
4,A1_displacement,0.006902
4,A1_displacement,0.0
4,A1_displacement,0.003694
4,A1_displacement,0.0
4,A1_displacement,0.007983
4,A1_displacement,0.0
4,A1_displacement,0.0
4,A1_displacement,0.000527
4,A1_displacement,0.0
4,A1_displacement,0.034973
4,A1_displacement,0.048362
4,A1_displacement,0.024147
4,A1_displacement,0.0
4,A1_displacement,0.098295
4,A1_displacement,0.026699
4,A1_displacement,0.0
4,A1_displacement,0.0
4,A1_displacement,0.013499
4,A1_displacement,0.0
4,A1_displacement,0.0
4,A1_displacement,0.0
4,A1_displacement,0.004758
4,A1_displacement,0.011267
4,A1_displacement,0.088167
4,A1_displacement,0.033516
4,A1_displacement,0.062194
4,A1_displacement,0.068415
4,A1_displacement,0.0
4,A1_displacement,0.039583
4,A1_displacement,0.014629
4,A1_displacement,0.0
4,A1_displacement,0.011267
4,A1_displacement,0.0
4,A1_displacement,0.005827
