dataset,seed,class,sample_id,arm,top1_causal,any_causal_in_topk,n_causal,attack_candidates,attack_explainer_calls,prediction_preserved
fiveg_nidd,0,7,s142856,pointwise_clean,True,True,2,300,300,True
fiveg_nidd,0,7,s142856,pointwise_attacked,True,True,2,300,300,True
fiveg_nidd,0,7,s142856,smoothed_clean,True,True,2,300,300,True
fiveg_nidd,0,7,s142856,smoothed_attacked,False,True,2,300,300,True
fiveg_nidd,0,7,s142856,adaptive_equal_candidates,True,True,2,300,9000,True
fiveg_nidd,0,7,s142856,adaptive_equal_queries,False,True,2,9,270,True
fiveg_nidd,0,7,s291927,pointwise_clean,False,False,1,300,300,True
fiveg_nidd,0,7,s291927,pointwise_attacked,True,True,1,300,300,True
fiveg_nidd,0,7,s291927,smoothed_clean,False,True,1,300,300,True
fiveg_nidd,0,7,s291927,smoothed_attacked,True,True,1,300,300,True
fiveg_nidd,0,7,s291927,adaptive_equal_candidates,True,True,1,300,9000,True
fiveg_nidd,0,7,s291927,adaptive_equal_queries,True,True,1,9,270,True
fiveg_nidd,0,7,s134384,pointwise_clean,True,True,1,300,300,True
fiveg_nidd,0,7,s134384,pointwise_attacked,False,True,1,300,300,True
fiveg_nidd,0,7,s134384,smoothed_clean,True,True,1,300,300,True
fiveg_nidd,0,7,s134384,smoothed_attacked,True,True,1,300,300,True
fiveg_nidd,0,7,s134384,adaptive_equal_candidates,True,True,1,300,9000,True
fiveg_nidd,0,7,s134384,adaptive_equal_queries,True,True,1,9,270,True
fiveg_nidd,0,7,s136014,pointwise_clean,True,True,6,300,300,True
fiveg_nidd,0,7,s136014,pointwise_attacked,True,True,6,300,300,True
fiveg_nidd,0,7,s136014,smoothed_clean,True,True,6,300,300,True
fiveg_nidd,0,7,s136014,smoothed_attacked,True,True,6,300,300,True
fiveg_nidd,0,7,s136014,adaptive_equal_candidates,True,True,6,300,9000,True
fiveg_nidd,0,7,s136014,adaptive_equal_queries,True,True,6,9,270,True
fiveg_nidd,0,7,s135698,pointwise_clean,True,True,4,300,300,True
fiveg_nidd,0,7,s135698,pointwise_attacked,True,True,4,300,300,True
fiveg_nidd,0,7,s135698,smoothed_clean,True,True,4,300,300,True
fiveg_nidd,0,7,s135698,smoothed_attacked,True,True,4,300,300,True
fiveg_nidd,0,7,s135698,adaptive_equal_candidates,True,True,4,300,9000,True
fiveg_nidd,0,7,s135698,adaptive_equal_queries,True,True,4,9,270,True
fiveg_nidd,0,7,s349508,pointwise_clean,False,True,3,300,300,True
fiveg_nidd,0,7,s349508,pointwise_attacked,False,False,3,300,300,True
fiveg_nidd,0,7,s349508,smoothed_clean,False,True,3,300,300,True
fiveg_nidd,0,7,s349508,smoothed_attacked,False,True,3,300,300,True
fiveg_nidd,0,7,s349508,adaptive_equal_candidates,False,True,3,300,9000,True
fiveg_nidd,0,7,s349508,adaptive_equal_queries,True,True,3,9,270,True
fiveg_nidd,0,7,s128232,pointwise_clean,False,True,2,300,300,True
fiveg_nidd,0,7,s128232,pointwise_attacked,False,False,2,300,300,True
fiveg_nidd,0,7,s128232,smoothed_clean,True,True,2,300,300,True
fiveg_nidd,0,7,s128232,smoothed_attacked,False,True,2,300,300,True
fiveg_nidd,0,7,s128232,adaptive_equal_candidates,False,True,2,300,9000,True
fiveg_nidd,0,7,s128232,adaptive_equal_queries,False,True,2,9,270,True
fiveg_nidd,0,7,s135589,pointwise_clean,False,False,1,300,300,True
fiveg_nidd,0,7,s135589,pointwise_attacked,False,False,1,300,300,True
fiveg_nidd,0,7,s135589,smoothed_clean,False,False,1,300,300,True
fiveg_nidd,0,7,s135589,smoothed_attacked,False,False,1,300,300,True
fiveg_nidd,0,7,s135589,adaptive_equal_candidates,True,True,1,300,9000,True
fiveg_nidd,0,7,s135589,adaptive_equal_queries,False,True,1,9,270,True
fiveg_nidd,0,7,s143543,pointwise_clean,True,True,5,300,300,True
fiveg_nidd,0,7,s143543,pointwise_attacked,True,True,5,300,300,True
fiveg_nidd,0,7,s143543,smoothed_clean,True,True,5,300,300,True
fiveg_nidd,0,7,s143543,smoothed_attacked,True,True,5,300,300,True
fiveg_nidd,0,7,s143543,adaptive_equal_candidates,True,True,5,300,9000,True
fiveg_nidd,0,7,s143543,adaptive_equal_queries,True,True,5,9,270,True
fiveg_nidd,0,7,s129997,pointwise_clean,True,True,4,300,300,True
fiveg_nidd,0,7,s129997,pointwise_attacked,True,True,4,300,300,True
fiveg_nidd,0,7,s129997,smoothed_clean,True,True,4,300,300,True
fiveg_nidd,0,7,s129997,smoothed_attacked,True,True,4,300,300,True
fiveg_nidd,0,7,s129997,adaptive_equal_candidates,True,True,4,300,9000,True
fiveg_nidd,0,7,s129997,adaptive_equal_queries,True,True,4,9,270,True
fiveg_nidd,0,7,s349393,pointwise_clean,False,True,3,300,300,True
fiveg_nidd,0,7,s349393,pointwise_attacked,False,True,3,300,300,True
fiveg_nidd,0,7,s349393,smoothed_clean,False,True,3,300,300,True
fiveg_nidd,0,7,s349393,smoothed_attacked,False,True,3,300,300,True
fiveg_nidd,0,7,s349393,adaptive_equal_candidates,False,True,3,300,9000,True
fiveg_nidd,0,7,s349393,adaptive_equal_queries,False,True,3,9,270,True
fiveg_nidd,0,7,s316779,pointwise_clean,False,True,2,300,300,True
fiveg_nidd,0,7,s316779,pointwise_attacked,False,False,2,300,300,True
fiveg_nidd,0,7,s316779,smoothed_clean,True,True,2,300,300,True
fiveg_nidd,0,7,s316779,smoothed_attacked,False,True,2,300,300,True
fiveg_nidd,0,7,s316779,adaptive_equal_candidates,False,True,2,300,9000,True
fiveg_nidd,0,7,s316779,adaptive_equal_queries,False,True,2,9,270,True
fiveg_nidd,0,7,s141615,pointwise_clean,True,True,5,300,300,True
fiveg_nidd,0,7,s141615,pointwise_attacked,True,True,5,300,300,True
fiveg_nidd,0,7,s141615,smoothed_clean,True,True,5,300,300,True
fiveg_nidd,0,7,s141615,smoothed_attacked,True,True,5,300,300,True
fiveg_nidd,0,7,s141615,adaptive_equal_candidates,True,True,5,300,9000,True
fiveg_nidd,0,7,s141615,adaptive_equal_queries,True,True,5,9,270,True
fiveg_nidd,0,7,s128496,pointwise_clean,False,True,2,300,300,True
fiveg_nidd,0,7,s128496,pointwise_attacked,False,False,2,300,300,True
fiveg_nidd,0,7,s128496,smoothed_clean,True,True,2,300,300,True
fiveg_nidd,0,7,s128496,smoothed_attacked,False,True,2,300,300,True
fiveg_nidd,0,7,s128496,adaptive_equal_candidates,False,True,2,300,9000,True
fiveg_nidd,0,7,s128496,adaptive_equal_queries,True,True,2,9,270,True
fiveg_nidd,0,7,s119769,pointwise_clean,True,True,3,300,300,True
fiveg_nidd,0,7,s119769,pointwise_attacked,True,True,3,300,300,True
fiveg_nidd,0,7,s119769,smoothed_clean,True,True,3,300,300,True
fiveg_nidd,0,7,s119769,smoothed_attacked,True,True,3,300,300,True
fiveg_nidd,0,7,s119769,adaptive_equal_candidates,True,True,3,300,9000,True
fiveg_nidd,0,7,s119769,adaptive_equal_queries,True,True,3,9,270,True
fiveg_nidd,1,7,s139106,pointwise_clean,True,True,4,300,300,True
fiveg_nidd,1,7,s139106,pointwise_attacked,True,True,4,300,300,True
fiveg_nidd,1,7,s139106,smoothed_clean,True,True,4,300,300,True
fiveg_nidd,1,7,s139106,smoothed_attacked,True,True,4,300,300,True
fiveg_nidd,1,7,s139106,adaptive_equal_candidates,True,True,4,300,9000,True
fiveg_nidd,1,7,s139106,adaptive_equal_queries,True,True,4,9,270,True
fiveg_nidd,1,7,s287348,pointwise_clean,True,True,3,300,300,True
fiveg_nidd,1,7,s287348,pointwise_attacked,True,True,3,300,300,True
fiveg_nidd,1,7,s287348,smoothed_clean,True,True,3,300,300,True
fiveg_nidd,1,7,s287348,smoothed_attacked,True,True,3,300,300,True
fiveg_nidd,1,7,s287348,adaptive_equal_candidates,True,True,3,300,9000,True
fiveg_nidd,1,7,s287348,adaptive_equal_queries,True,True,3,9,270,True
fiveg_nidd,1,7,s121268,pointwise_clean,True,True,3,300,300,True
fiveg_nidd,1,7,s121268,pointwise_attacked,True,True,3,300,300,True
fiveg_nidd,1,7,s121268,smoothed_clean,True,True,3,300,300,True
fiveg_nidd,1,7,s121268,smoothed_attacked,True,True,3,300,300,True
fiveg_nidd,1,7,s121268,adaptive_equal_candidates,True,True,3,300,9000,True
fiveg_nidd,1,7,s121268,adaptive_equal_queries,True,True,3,9,270,True
fiveg_nidd,1,7,s130795,pointwise_clean,True,True,3,300,300,True
fiveg_nidd,1,7,s130795,pointwise_attacked,True,True,3,300,300,True
fiveg_nidd,1,7,s130795,smoothed_clean,True,True,3,300,300,True
fiveg_nidd,1,7,s130795,smoothed_attacked,True,True,3,300,300,True
fiveg_nidd,1,7,s130795,adaptive_equal_candidates,True,True,3,300,9000,True
fiveg_nidd,1,7,s130795,adaptive_equal_queries,True,True,3,9,270,True
fiveg_nidd,1,7,s349950,pointwise_clean,True,True,3,300,300,True
fiveg_nidd,1,7,s349950,pointwise_attacked,True,True,3,300,300,True
fiveg_nidd,1,7,s349950,smoothed_clean,True,True,3,300,300,True
fiveg_nidd,1,7,s349950,smoothed_attacked,True,True,3,300,300,True
fiveg_nidd,1,7,s349950,adaptive_equal_candidates,True,True,3,300,9000,True
fiveg_nidd,1,7,s349950,adaptive_equal_queries,True,True,3,9,270,True
fiveg_nidd,1,7,s130331,pointwise_clean,True,True,2,300,300,True
fiveg_nidd,1,7,s130331,pointwise_attacked,False,True,2,300,300,True
fiveg_nidd,1,7,s130331,smoothed_clean,True,True,2,300,300,True
fiveg_nidd,1,7,s130331,smoothed_attacked,True,True,2,300,300,True
fiveg_nidd,1,7,s130331,adaptive_equal_candidates,True,True,2,300,9000,True
fiveg_nidd,1,7,s130331,adaptive_equal_queries,True,True,2,9,270,True
fiveg_nidd,1,7,s309677,pointwise_clean,True,True,3,300,300,True
fiveg_nidd,1,7,s309677,pointwise_attacked,True,True,3,300,300,True
fiveg_nidd,1,7,s309677,smoothed_clean,True,True,3,300,300,True
fiveg_nidd,1,7,s309677,smoothed_attacked,True,True,3,300,300,True
fiveg_nidd,1,7,s309677,adaptive_equal_candidates,True,True,3,300,9000,True
fiveg_nidd,1,7,s309677,adaptive_equal_queries,True,True,3,9,270,True
fiveg_nidd,1,7,s131825,pointwise_clean,True,True,3,300,300,True
fiveg_nidd,1,7,s131825,pointwise_attacked,True,True,3,300,300,True
fiveg_nidd,1,7,s131825,smoothed_clean,True,True,3,300,300,True
fiveg_nidd,1,7,s131825,smoothed_attacked,True,True,3,300,300,True
fiveg_nidd,1,7,s131825,adaptive_equal_candidates,True,True,3,300,9000,True
fiveg_nidd,1,7,s131825,adaptive_equal_queries,True,True,3,9,270,True
fiveg_nidd,1,7,s287273,pointwise_clean,True,True,3,300,300,True
fiveg_nidd,1,7,s287273,pointwise_attacked,True,True,3,300,300,True
fiveg_nidd,1,7,s287273,smoothed_clean,True,True,3,300,300,True
fiveg_nidd,1,7,s287273,smoothed_attacked,True,True,3,300,300,True
fiveg_nidd,1,7,s287273,adaptive_equal_candidates,True,True,3,300,9000,True
fiveg_nidd,1,7,s287273,adaptive_equal_queries,True,True,3,9,270,True
fiveg_nidd,1,7,s310933,pointwise_clean,True,True,3,300,300,True
fiveg_nidd,1,7,s310933,pointwise_attacked,True,True,3,300,300,True
fiveg_nidd,1,7,s310933,smoothed_clean,True,True,3,300,300,True
fiveg_nidd,1,7,s310933,smoothed_attacked,True,True,3,300,300,True
fiveg_nidd,1,7,s310933,adaptive_equal_candidates,True,True,3,300,9000,True
fiveg_nidd,1,7,s310933,adaptive_equal_queries,True,True,3,9,270,True
fiveg_nidd,1,7,s350219,pointwise_clean,True,True,4,300,300,True
fiveg_nidd,1,7,s350219,pointwise_attacked,True,True,4,300,300,True
fiveg_nidd,1,7,s350219,smoothed_clean,True,True,4,300,300,True
fiveg_nidd,1,7,s350219,smoothed_attacked,True,True,4,300,300,True
fiveg_nidd,1,7,s350219,adaptive_equal_candidates,True,True,4,300,9000,True
fiveg_nidd,1,7,s350219,adaptive_equal_queries,True,True,4,9,270,True
fiveg_nidd,1,7,s116403,pointwise_clean,True,True,3,300,300,True
fiveg_nidd,1,7,s116403,pointwise_attacked,True,True,3,300,300,True
fiveg_nidd,1,7,s116403,smoothed_clean,True,True,3,300,300,True
fiveg_nidd,1,7,s116403,smoothed_attacked,True,True,3,300,300,True
fiveg_nidd,1,7,s116403,adaptive_equal_candidates,False,True,3,300,9000,True
fiveg_nidd,1,7,s116403,adaptive_equal_queries,True,True,3,9,270,True
fiveg_nidd,1,7,s122150,pointwise_clean,True,True,3,300,300,True
fiveg_nidd,1,7,s122150,pointwise_attacked,True,True,3,300,300,True
fiveg_nidd,1,7,s122150,smoothed_clean,True,True,3,300,300,True
fiveg_nidd,1,7,s122150,smoothed_attacked,True,True,3,300,300,True
fiveg_nidd,1,7,s122150,adaptive_equal_candidates,True,True,3,300,9000,True
fiveg_nidd,1,7,s122150,adaptive_equal_queries,True,True,3,9,270,True
fiveg_nidd,1,7,s139502,pointwise_clean,True,True,3,300,300,True
fiveg_nidd,1,7,s139502,pointwise_attacked,False,True,3,300,300,True
fiveg_nidd,1,7,s139502,smoothed_clean,True,True,3,300,300,True
fiveg_nidd,1,7,s139502,smoothed_attacked,True,True,3,300,300,True
fiveg_nidd,1,7,s139502,adaptive_equal_candidates,True,True,3,300,9000,True
fiveg_nidd,1,7,s139502,adaptive_equal_queries,False,True,3,9,270,True
fiveg_nidd,1,7,s174367,pointwise_clean,True,True,3,300,300,True
fiveg_nidd,1,7,s174367,pointwise_attacked,True,True,3,300,300,True
fiveg_nidd,1,7,s174367,smoothed_clean,True,True,3,300,300,True
fiveg_nidd,1,7,s174367,smoothed_attacked,True,True,3,300,300,True
fiveg_nidd,1,7,s174367,adaptive_equal_candidates,True,True,3,300,9000,True
fiveg_nidd,1,7,s174367,adaptive_equal_queries,True,True,3,9,270,True
fiveg_nidd,2,7,s141704,pointwise_clean,True,True,2,300,300,True
fiveg_nidd,2,7,s141704,pointwise_attacked,True,True,2,300,300,True
fiveg_nidd,2,7,s141704,smoothed_clean,True,True,2,300,300,True
fiveg_nidd,2,7,s141704,smoothed_attacked,True,True,2,300,300,True
fiveg_nidd,2,7,s141704,adaptive_equal_candidates,True,True,2,300,9000,True
fiveg_nidd,2,7,s141704,adaptive_equal_queries,True,True,2,9,270,True
fiveg_nidd,2,7,s296032,pointwise_clean,True,True,2,300,300,True
fiveg_nidd,2,7,s296032,pointwise_attacked,True,True,2,300,300,True
fiveg_nidd,2,7,s296032,smoothed_clean,True,True,2,300,300,True
fiveg_nidd,2,7,s296032,smoothed_attacked,True,True,2,300,300,True
fiveg_nidd,2,7,s296032,adaptive_equal_candidates,True,True,2,300,9000,True
fiveg_nidd,2,7,s296032,adaptive_equal_queries,True,True,2,9,270,True
fiveg_nidd,2,7,s158707,pointwise_clean,True,True,3,300,300,True
fiveg_nidd,2,7,s158707,pointwise_attacked,True,True,3,300,300,True
fiveg_nidd,2,7,s158707,smoothed_clean,True,True,3,300,300,True
fiveg_nidd,2,7,s158707,smoothed_attacked,True,True,3,300,300,True
fiveg_nidd,2,7,s158707,adaptive_equal_candidates,True,True,3,300,9000,True
fiveg_nidd,2,7,s158707,adaptive_equal_queries,False,True,3,9,270,True
fiveg_nidd,2,7,s339535,pointwise_clean,True,True,2,300,300,True
fiveg_nidd,2,7,s339535,pointwise_attacked,True,True,2,300,300,True
fiveg_nidd,2,7,s339535,smoothed_clean,True,True,2,300,300,True
fiveg_nidd,2,7,s339535,smoothed_attacked,True,True,2,300,300,True
fiveg_nidd,2,7,s339535,adaptive_equal_candidates,True,True,2,300,9000,True
fiveg_nidd,2,7,s339535,adaptive_equal_queries,True,True,2,9,270,True
fiveg_nidd,2,7,s296205,pointwise_clean,True,True,2,300,300,True
fiveg_nidd,2,7,s296205,pointwise_attacked,True,True,2,300,300,True
fiveg_nidd,2,7,s296205,smoothed_clean,True,True,2,300,300,True
fiveg_nidd,2,7,s296205,smoothed_attacked,True,True,2,300,300,True
fiveg_nidd,2,7,s296205,adaptive_equal_candidates,True,True,2,300,9000,True
fiveg_nidd,2,7,s296205,adaptive_equal_queries,True,True,2,9,270,True
fiveg_nidd,2,7,s296035,pointwise_clean,False,True,2,300,300,True
fiveg_nidd,2,7,s296035,pointwise_attacked,False,False,2,300,300,True
fiveg_nidd,2,7,s296035,smoothed_clean,True,True,2,300,300,True
fiveg_nidd,2,7,s296035,smoothed_attacked,False,True,2,300,300,True
fiveg_nidd,2,7,s296035,adaptive_equal_candidates,True,True,2,300,9000,True
fiveg_nidd,2,7,s296035,adaptive_equal_queries,False,True,2,9,270,True
fiveg_nidd,2,7,s303112,pointwise_clean,True,True,2,300,300,True
fiveg_nidd,2,7,s303112,pointwise_attacked,True,True,2,300,300,True
fiveg_nidd,2,7,s303112,smoothed_clean,True,True,2,300,300,True
fiveg_nidd,2,7,s303112,smoothed_attacked,True,True,2,300,300,True
fiveg_nidd,2,7,s303112,adaptive_equal_candidates,True,True,2,300,9000,True
fiveg_nidd,2,7,s303112,adaptive_equal_queries,True,True,2,9,270,True
fiveg_nidd,2,7,s344539,pointwise_clean,True,True,3,300,300,True
fiveg_nidd,2,7,s344539,pointwise_attacked,True,True,3,300,300,True
fiveg_nidd,2,7,s344539,smoothed_clean,True,True,3,300,300,True
fiveg_nidd,2,7,s344539,smoothed_attacked,True,True,3,300,300,True
fiveg_nidd,2,7,s344539,adaptive_equal_candidates,True,True,3,300,9000,True
fiveg_nidd,2,7,s344539,adaptive_equal_queries,True,True,3,9,270,True
fiveg_nidd,2,7,s340703,pointwise_clean,True,True,2,300,300,True
fiveg_nidd,2,7,s340703,pointwise_attacked,True,True,2,300,300,True
fiveg_nidd,2,7,s340703,smoothed_clean,True,True,2,300,300,True
fiveg_nidd,2,7,s340703,smoothed_attacked,True,True,2,300,300,True
fiveg_nidd,2,7,s340703,adaptive_equal_candidates,True,True,2,300,9000,True
fiveg_nidd,2,7,s340703,adaptive_equal_queries,True,True,2,9,270,True
fiveg_nidd,2,7,s309193,pointwise_clean,False,True,1,300,300,True
fiveg_nidd,2,7,s309193,pointwise_attacked,False,True,1,300,300,True
fiveg_nidd,2,7,s309193,smoothed_clean,False,True,1,300,300,True
fiveg_nidd,2,7,s309193,smoothed_attacked,False,True,1,300,300,True
fiveg_nidd,2,7,s309193,adaptive_equal_candidates,False,True,1,300,9000,True
fiveg_nidd,2,7,s309193,adaptive_equal_queries,False,True,1,9,270,True
fiveg_nidd,2,7,s307622,pointwise_clean,True,True,2,300,300,True
fiveg_nidd,2,7,s307622,pointwise_attacked,True,True,2,300,300,True
fiveg_nidd,2,7,s307622,smoothed_clean,False,True,2,300,300,True
fiveg_nidd,2,7,s307622,smoothed_attacked,False,True,2,300,300,True
fiveg_nidd,2,7,s307622,adaptive_equal_candidates,False,True,2,300,9000,True
fiveg_nidd,2,7,s307622,adaptive_equal_queries,False,True,2,9,270,True
fiveg_nidd,2,7,s305910,pointwise_clean,True,True,2,300,300,True
fiveg_nidd,2,7,s305910,pointwise_attacked,True,True,2,300,300,True
fiveg_nidd,2,7,s305910,smoothed_clean,True,True,2,300,300,True
fiveg_nidd,2,7,s305910,smoothed_attacked,True,True,2,300,300,True
fiveg_nidd,2,7,s305910,adaptive_equal_candidates,True,True,2,300,9000,True
fiveg_nidd,2,7,s305910,adaptive_equal_queries,True,True,2,9,270,True
fiveg_nidd,2,7,s117651,pointwise_clean,False,True,1,300,300,True
fiveg_nidd,2,7,s117651,pointwise_attacked,True,True,1,300,300,True
fiveg_nidd,2,7,s117651,smoothed_clean,True,True,1,300,300,True
fiveg_nidd,2,7,s117651,smoothed_attacked,True,True,1,300,300,True
fiveg_nidd,2,7,s117651,adaptive_equal_candidates,False,True,1,300,9000,True
fiveg_nidd,2,7,s117651,adaptive_equal_queries,True,True,1,9,270,True
fiveg_nidd,2,7,s298171,pointwise_clean,True,True,6,300,300,True
fiveg_nidd,2,7,s298171,pointwise_attacked,True,True,6,300,300,True
fiveg_nidd,2,7,s298171,smoothed_clean,True,True,6,300,300,True
fiveg_nidd,2,7,s298171,smoothed_attacked,True,True,6,300,300,True
fiveg_nidd,2,7,s298171,adaptive_equal_candidates,True,True,6,300,9000,True
fiveg_nidd,2,7,s298171,adaptive_equal_queries,True,True,6,9,270,True
fiveg_nidd,2,7,s140253,pointwise_clean,True,True,5,300,300,True
fiveg_nidd,2,7,s140253,pointwise_attacked,True,True,5,300,300,True
fiveg_nidd,2,7,s140253,smoothed_clean,True,True,5,300,300,True
fiveg_nidd,2,7,s140253,smoothed_attacked,True,True,5,300,300,True
fiveg_nidd,2,7,s140253,adaptive_equal_candidates,True,True,5,300,9000,True
fiveg_nidd,2,7,s140253,adaptive_equal_queries,True,True,5,9,270,True
fiveg_nidd,3,7,s297542,pointwise_clean,False,True,2,300,300,True
fiveg_nidd,3,7,s297542,pointwise_attacked,True,True,2,300,300,True
fiveg_nidd,3,7,s297542,smoothed_clean,True,True,2,300,300,True
fiveg_nidd,3,7,s297542,smoothed_attacked,True,True,2,300,300,True
fiveg_nidd,3,7,s297542,adaptive_equal_candidates,False,True,2,300,9000,True
fiveg_nidd,3,7,s297542,adaptive_equal_queries,False,True,2,9,270,True
fiveg_nidd,3,7,s300333,pointwise_clean,False,True,2,300,300,True
fiveg_nidd,3,7,s300333,pointwise_attacked,False,True,2,300,300,True
fiveg_nidd,3,7,s300333,smoothed_clean,True,True,2,300,300,True
fiveg_nidd,3,7,s300333,smoothed_attacked,False,True,2,300,300,True
fiveg_nidd,3,7,s300333,adaptive_equal_candidates,False,True,2,300,9000,True
fiveg_nidd,3,7,s300333,adaptive_equal_queries,False,True,2,9,270,True
fiveg_nidd,3,7,s341205,pointwise_clean,False,False,1,300,300,True
fiveg_nidd,3,7,s341205,pointwise_attacked,False,True,1,300,300,True
fiveg_nidd,3,7,s341205,smoothed_clean,False,True,1,300,300,True
fiveg_nidd,3,7,s341205,smoothed_attacked,False,True,1,300,300,True
fiveg_nidd,3,7,s341205,adaptive_equal_candidates,False,False,1,300,9000,True
fiveg_nidd,3,7,s341205,adaptive_equal_queries,False,True,1,9,270,True
fiveg_nidd,3,7,s159980,pointwise_clean,False,True,2,300,300,True
fiveg_nidd,3,7,s159980,pointwise_attacked,False,True,2,300,300,True
fiveg_nidd,3,7,s159980,smoothed_clean,True,True,2,300,300,True
fiveg_nidd,3,7,s159980,smoothed_attacked,False,True,2,300,300,True
fiveg_nidd,3,7,s159980,adaptive_equal_candidates,True,True,2,300,9000,True
fiveg_nidd,3,7,s159980,adaptive_equal_queries,False,True,2,9,270,True
fiveg_nidd,3,7,s122408,pointwise_clean,False,True,2,300,300,True
fiveg_nidd,3,7,s122408,pointwise_attacked,True,True,2,300,300,True
fiveg_nidd,3,7,s122408,smoothed_clean,True,True,2,300,300,True
fiveg_nidd,3,7,s122408,smoothed_attacked,True,True,2,300,300,True
fiveg_nidd,3,7,s122408,adaptive_equal_candidates,True,True,2,300,9000,True
fiveg_nidd,3,7,s122408,adaptive_equal_queries,False,True,2,9,270,True
fiveg_nidd,3,7,s161002,pointwise_clean,True,True,3,300,300,True
fiveg_nidd,3,7,s161002,pointwise_attacked,True,True,3,300,300,True
fiveg_nidd,3,7,s161002,smoothed_clean,True,True,3,300,300,True
fiveg_nidd,3,7,s161002,smoothed_attacked,True,True,3,300,300,True
fiveg_nidd,3,7,s161002,adaptive_equal_candidates,True,True,3,300,9000,True
fiveg_nidd,3,7,s161002,adaptive_equal_queries,True,True,3,9,270,True
fiveg_nidd,3,7,s322205,pointwise_clean,False,True,2,300,300,True
fiveg_nidd,3,7,s322205,pointwise_attacked,False,True,2,300,300,True
fiveg_nidd,3,7,s322205,smoothed_clean,True,True,2,300,300,True
fiveg_nidd,3,7,s322205,smoothed_attacked,False,True,2,300,300,True
fiveg_nidd,3,7,s322205,adaptive_equal_candidates,False,True,2,300,9000,True
fiveg_nidd,3,7,s322205,adaptive_equal_queries,False,True,2,9,270,True
fiveg_nidd,3,7,s166729,pointwise_clean,False,True,2,300,300,True
fiveg_nidd,3,7,s166729,pointwise_attacked,False,True,2,300,300,True
fiveg_nidd,3,7,s166729,smoothed_clean,True,True,2,300,300,True
fiveg_nidd,3,7,s166729,smoothed_attacked,False,True,2,300,300,True
fiveg_nidd,3,7,s166729,adaptive_equal_candidates,True,True,2,300,9000,True
fiveg_nidd,3,7,s166729,adaptive_equal_queries,True,True,2,9,270,True
fiveg_nidd,3,7,s342985,pointwise_clean,False,True,2,300,300,True
fiveg_nidd,3,7,s342985,pointwise_attacked,False,True,2,300,300,True
fiveg_nidd,3,7,s342985,smoothed_clean,True,True,2,300,300,True
fiveg_nidd,3,7,s342985,smoothed_attacked,False,True,2,300,300,True
fiveg_nidd,3,7,s342985,adaptive_equal_candidates,True,True,2,300,9000,True
fiveg_nidd,3,7,s342985,adaptive_equal_queries,False,True,2,9,270,True
fiveg_nidd,3,7,s323310,pointwise_clean,False,False,1,300,300,True
fiveg_nidd,3,7,s323310,pointwise_attacked,False,True,1,300,300,True
fiveg_nidd,3,7,s323310,smoothed_clean,False,True,1,300,300,True
fiveg_nidd,3,7,s323310,smoothed_attacked,False,True,1,300,300,True
fiveg_nidd,3,7,s323310,adaptive_equal_candidates,False,False,1,300,9000,True
fiveg_nidd,3,7,s323310,adaptive_equal_queries,False,False,1,9,270,True
fiveg_nidd,3,7,s123011,pointwise_clean,True,True,2,300,300,True
fiveg_nidd,3,7,s123011,pointwise_attacked,False,True,2,300,300,True
fiveg_nidd,3,7,s123011,smoothed_clean,True,True,2,300,300,True
fiveg_nidd,3,7,s123011,smoothed_attacked,False,True,2,300,300,True
fiveg_nidd,3,7,s123011,adaptive_equal_candidates,False,True,2,300,9000,True
fiveg_nidd,3,7,s123011,adaptive_equal_queries,True,True,2,9,270,True
fiveg_nidd,3,7,s301338,pointwise_clean,False,False,1,300,300,True
fiveg_nidd,3,7,s301338,pointwise_attacked,False,True,1,300,300,True
fiveg_nidd,3,7,s301338,smoothed_clean,False,True,1,300,300,True
fiveg_nidd,3,7,s301338,smoothed_attacked,False,True,1,300,300,True
fiveg_nidd,3,7,s301338,adaptive_equal_candidates,False,False,1,300,9000,True
fiveg_nidd,3,7,s301338,adaptive_equal_queries,False,False,1,9,270,True
fiveg_nidd,3,7,s336415,pointwise_clean,False,True,2,300,300,True
fiveg_nidd,3,7,s336415,pointwise_attacked,False,True,2,300,300,True
fiveg_nidd,3,7,s336415,smoothed_clean,True,True,2,300,300,True
fiveg_nidd,3,7,s336415,smoothed_attacked,False,True,2,300,300,True
fiveg_nidd,3,7,s336415,adaptive_equal_candidates,False,True,2,300,9000,True
fiveg_nidd,3,7,s336415,adaptive_equal_queries,True,True,2,9,270,True
fiveg_nidd,3,7,s119990,pointwise_clean,False,True,2,300,300,True
fiveg_nidd,3,7,s119990,pointwise_attacked,False,True,2,300,300,True
fiveg_nidd,3,7,s119990,smoothed_clean,True,True,2,300,300,True
fiveg_nidd,3,7,s119990,smoothed_attacked,False,True,2,300,300,True
fiveg_nidd,3,7,s119990,adaptive_equal_candidates,True,True,2,300,9000,True
fiveg_nidd,3,7,s119990,adaptive_equal_queries,True,True,2,9,270,True
fiveg_nidd,3,7,s164055,pointwise_clean,True,True,4,300,300,True
fiveg_nidd,3,7,s164055,pointwise_attacked,True,True,4,300,300,True
fiveg_nidd,3,7,s164055,smoothed_clean,True,True,4,300,300,True
fiveg_nidd,3,7,s164055,smoothed_attacked,True,True,4,300,300,True
fiveg_nidd,3,7,s164055,adaptive_equal_candidates,True,True,4,300,9000,True
fiveg_nidd,3,7,s164055,adaptive_equal_queries,True,True,4,9,270,True
fiveg_nidd,4,7,s314907,pointwise_clean,True,True,2,300,300,True
fiveg_nidd,4,7,s314907,pointwise_attacked,False,True,2,300,300,True
fiveg_nidd,4,7,s314907,smoothed_clean,True,True,2,300,300,True
fiveg_nidd,4,7,s314907,smoothed_attacked,False,True,2,300,300,True
fiveg_nidd,4,7,s314907,adaptive_equal_candidates,False,True,2,300,9000,True
fiveg_nidd,4,7,s314907,adaptive_equal_queries,True,True,2,9,270,True
fiveg_nidd,4,7,s157308,pointwise_clean,True,True,2,300,300,True
fiveg_nidd,4,7,s157308,pointwise_attacked,True,True,2,300,300,True
fiveg_nidd,4,7,s157308,smoothed_clean,True,True,2,300,300,True
fiveg_nidd,4,7,s157308,smoothed_attacked,False,True,2,300,300,True
fiveg_nidd,4,7,s157308,adaptive_equal_candidates,False,True,2,300,9000,True
fiveg_nidd,4,7,s157308,adaptive_equal_queries,False,True,2,9,270,True
fiveg_nidd,4,7,s313782,pointwise_clean,True,True,2,300,300,True
fiveg_nidd,4,7,s313782,pointwise_attacked,False,True,2,300,300,True
fiveg_nidd,4,7,s313782,smoothed_clean,True,True,2,300,300,True
fiveg_nidd,4,7,s313782,smoothed_attacked,True,True,2,300,300,True
fiveg_nidd,4,7,s313782,adaptive_equal_candidates,True,True,2,300,9000,True
fiveg_nidd,4,7,s313782,adaptive_equal_queries,False,True,2,9,270,True
fiveg_nidd,4,7,s142766,pointwise_clean,False,True,2,300,300,True
fiveg_nidd,4,7,s142766,pointwise_attacked,True,True,2,300,300,True
fiveg_nidd,4,7,s142766,smoothed_clean,False,True,2,300,300,True
fiveg_nidd,4,7,s142766,smoothed_attacked,False,True,2,300,300,True
fiveg_nidd,4,7,s142766,adaptive_equal_candidates,False,True,2,300,9000,True
fiveg_nidd,4,7,s142766,adaptive_equal_queries,False,True,2,9,270,True
fiveg_nidd,4,7,s315122,pointwise_clean,True,True,3,300,300,True
fiveg_nidd,4,7,s315122,pointwise_attacked,True,True,3,300,300,True
fiveg_nidd,4,7,s315122,smoothed_clean,True,True,3,300,300,True
fiveg_nidd,4,7,s315122,smoothed_attacked,True,True,3,300,300,True
fiveg_nidd,4,7,s315122,adaptive_equal_candidates,True,True,3,300,9000,True
fiveg_nidd,4,7,s315122,adaptive_equal_queries,True,True,3,9,270,True
fiveg_nidd,4,7,s142712,pointwise_clean,False,False,1,300,300,True
fiveg_nidd,4,7,s142712,pointwise_attacked,False,False,1,300,300,True
fiveg_nidd,4,7,s142712,smoothed_clean,False,False,1,300,300,True
fiveg_nidd,4,7,s142712,smoothed_attacked,False,False,1,300,300,True
fiveg_nidd,4,7,s142712,adaptive_equal_candidates,False,False,1,300,9000,True
fiveg_nidd,4,7,s142712,adaptive_equal_queries,False,False,1,9,270,True
fiveg_nidd,4,7,s311174,pointwise_clean,False,False,1,300,300,True
fiveg_nidd,4,7,s311174,pointwise_attacked,False,False,1,300,300,True
fiveg_nidd,4,7,s311174,smoothed_clean,False,True,1,300,300,True
fiveg_nidd,4,7,s311174,smoothed_attacked,False,False,1,300,300,True
fiveg_nidd,4,7,s311174,adaptive_equal_candidates,False,False,1,300,9000,True
fiveg_nidd,4,7,s311174,adaptive_equal_queries,False,False,1,9,270,True
fiveg_nidd,4,7,s293200,pointwise_clean,True,True,2,300,300,True
fiveg_nidd,4,7,s293200,pointwise_attacked,False,True,2,300,300,True
fiveg_nidd,4,7,s293200,smoothed_clean,False,True,2,300,300,True
fiveg_nidd,4,7,s293200,smoothed_attacked,False,True,2,300,300,True
fiveg_nidd,4,7,s293200,adaptive_equal_candidates,False,True,2,300,9000,True
fiveg_nidd,4,7,s293200,adaptive_equal_queries,False,True,2,9,270,True
fiveg_nidd,4,7,s296565,pointwise_clean,True,True,2,300,300,True
fiveg_nidd,4,7,s296565,pointwise_attacked,True,True,2,300,300,True
fiveg_nidd,4,7,s296565,smoothed_clean,True,True,2,300,300,True
fiveg_nidd,4,7,s296565,smoothed_attacked,True,True,2,300,300,True
fiveg_nidd,4,7,s296565,adaptive_equal_candidates,True,True,2,300,9000,True
fiveg_nidd,4,7,s296565,adaptive_equal_queries,True,True,2,9,270,True
fiveg_nidd,4,7,s343485,pointwise_clean,True,True,2,300,300,True
fiveg_nidd,4,7,s343485,pointwise_attacked,True,True,2,300,300,True
fiveg_nidd,4,7,s343485,smoothed_clean,True,True,2,300,300,True
fiveg_nidd,4,7,s343485,smoothed_attacked,False,True,2,300,300,True
fiveg_nidd,4,7,s343485,adaptive_equal_candidates,True,True,2,300,9000,True
fiveg_nidd,4,7,s343485,adaptive_equal_queries,True,True,2,9,270,True
fiveg_nidd,4,7,s309765,pointwise_clean,False,True,1,300,300,True
fiveg_nidd,4,7,s309765,pointwise_attacked,False,False,1,300,300,True
fiveg_nidd,4,7,s309765,smoothed_clean,False,True,1,300,300,True
fiveg_nidd,4,7,s309765,smoothed_attacked,False,True,1,300,300,True
fiveg_nidd,4,7,s309765,adaptive_equal_candidates,False,False,1,300,9000,True
fiveg_nidd,4,7,s309765,adaptive_equal_queries,False,True,1,9,270,True
fiveg_nidd,4,7,s293385,pointwise_clean,True,True,2,300,300,True
fiveg_nidd,4,7,s293385,pointwise_attacked,False,True,2,300,300,True
fiveg_nidd,4,7,s293385,smoothed_clean,False,True,2,300,300,True
fiveg_nidd,4,7,s293385,smoothed_attacked,False,True,2,300,300,True
fiveg_nidd,4,7,s293385,adaptive_equal_candidates,False,True,2,300,9000,True
fiveg_nidd,4,7,s293385,adaptive_equal_queries,False,True,2,9,270,True
fiveg_nidd,4,7,s309697,pointwise_clean,False,False,1,300,300,True
fiveg_nidd,4,7,s309697,pointwise_attacked,False,False,1,300,300,True
fiveg_nidd,4,7,s309697,smoothed_clean,False,True,1,300,300,True
fiveg_nidd,4,7,s309697,smoothed_attacked,False,True,1,300,300,True
fiveg_nidd,4,7,s309697,adaptive_equal_candidates,False,True,1,300,9000,True
fiveg_nidd,4,7,s309697,adaptive_equal_queries,False,True,1,9,270,True
fiveg_nidd,4,7,s331613,pointwise_clean,False,False,1,300,300,True
fiveg_nidd,4,7,s331613,pointwise_attacked,False,False,1,300,300,True
fiveg_nidd,4,7,s331613,smoothed_clean,False,True,1,300,300,True
fiveg_nidd,4,7,s331613,smoothed_attacked,False,False,1,300,300,True
fiveg_nidd,4,7,s331613,adaptive_equal_candidates,False,False,1,300,9000,True
fiveg_nidd,4,7,s331613,adaptive_equal_queries,False,False,1,9,270,True
fiveg_nidd,4,7,s119473,pointwise_clean,False,False,1,300,300,True
fiveg_nidd,4,7,s119473,pointwise_attacked,False,False,1,300,300,True
fiveg_nidd,4,7,s119473,smoothed_clean,False,True,1,300,300,True
fiveg_nidd,4,7,s119473,smoothed_attacked,False,False,1,300,300,True
fiveg_nidd,4,7,s119473,adaptive_equal_candidates,False,False,1,300,9000,True
fiveg_nidd,4,7,s119473,adaptive_equal_queries,False,False,1,9,270,True
ciciot2023,0,4,s1364024,pointwise_clean,True,True,10,300,300,True
ciciot2023,0,4,s1364024,pointwise_attacked,True,True,10,300,300,True
ciciot2023,0,4,s1364024,smoothed_clean,False,True,10,300,300,True
ciciot2023,0,4,s1364024,smoothed_attacked,False,True,10,300,300,True
ciciot2023,0,4,s1364024,adaptive_equal_candidates,False,True,10,300,9000,True
ciciot2023,0,4,s1364024,adaptive_equal_queries,False,True,10,9,270,True
ciciot2023,0,4,s555578,pointwise_clean,True,True,9,300,300,True
ciciot2023,0,4,s555578,pointwise_attacked,True,True,9,300,300,True
ciciot2023,0,4,s555578,smoothed_clean,False,True,9,300,300,True
ciciot2023,0,4,s555578,smoothed_attacked,False,True,9,300,300,True
ciciot2023,0,4,s555578,adaptive_equal_candidates,False,True,9,300,9000,True
ciciot2023,0,4,s555578,adaptive_equal_queries,False,True,9,9,270,True
ciciot2023,0,4,s466134,pointwise_clean,True,True,10,300,300,True
ciciot2023,0,4,s466134,pointwise_attacked,True,True,10,300,300,True
ciciot2023,0,4,s466134,smoothed_clean,False,True,10,300,300,True
ciciot2023,0,4,s466134,smoothed_attacked,False,True,10,300,300,True
ciciot2023,0,4,s466134,adaptive_equal_candidates,False,True,10,300,9000,True
ciciot2023,0,4,s466134,adaptive_equal_queries,False,True,10,9,270,True
ciciot2023,0,4,s1273515,pointwise_clean,True,True,8,300,300,True
ciciot2023,0,4,s1273515,pointwise_attacked,True,True,8,300,300,True
ciciot2023,0,4,s1273515,smoothed_clean,False,True,8,300,300,True
ciciot2023,0,4,s1273515,smoothed_attacked,True,True,8,300,300,True
ciciot2023,0,4,s1273515,adaptive_equal_candidates,False,True,8,300,9000,True
ciciot2023,0,4,s1273515,adaptive_equal_queries,False,True,8,9,270,True
ciciot2023,0,4,s1296432,pointwise_clean,False,True,9,300,300,True
ciciot2023,0,4,s1296432,pointwise_attacked,False,True,9,300,300,True
ciciot2023,0,4,s1296432,smoothed_clean,False,True,9,300,300,True
ciciot2023,0,4,s1296432,smoothed_attacked,False,True,9,300,300,True
ciciot2023,0,4,s1296432,adaptive_equal_candidates,False,True,9,300,9000,True
ciciot2023,0,4,s1296432,adaptive_equal_queries,False,True,9,9,270,True
ciciot2023,0,4,s322820,pointwise_clean,True,True,7,300,300,True
ciciot2023,0,4,s322820,pointwise_attacked,True,True,7,300,300,True
ciciot2023,0,4,s322820,smoothed_clean,False,True,7,300,300,True
ciciot2023,0,4,s322820,smoothed_attacked,False,True,7,300,300,True
ciciot2023,0,4,s322820,adaptive_equal_candidates,False,True,7,300,9000,True
ciciot2023,0,4,s322820,adaptive_equal_queries,False,True,7,9,270,True
ciciot2023,0,4,s299528,pointwise_clean,True,True,8,300,300,True
ciciot2023,0,4,s299528,pointwise_attacked,True,True,8,300,300,True
ciciot2023,0,4,s299528,smoothed_clean,False,True,8,300,300,True
ciciot2023,0,4,s299528,smoothed_attacked,False,True,8,300,300,True
ciciot2023,0,4,s299528,adaptive_equal_candidates,False,True,8,300,9000,True
ciciot2023,0,4,s299528,adaptive_equal_queries,False,True,8,9,270,True
ciciot2023,0,4,s1460472,pointwise_clean,True,True,10,300,300,True
ciciot2023,0,4,s1460472,pointwise_attacked,True,True,10,300,300,True
ciciot2023,0,4,s1460472,smoothed_clean,False,True,10,300,300,True
ciciot2023,0,4,s1460472,smoothed_attacked,False,True,10,300,300,True
ciciot2023,0,4,s1460472,adaptive_equal_candidates,False,True,10,300,9000,True
ciciot2023,0,4,s1460472,adaptive_equal_queries,False,True,10,9,270,True
ciciot2023,0,4,s1523817,pointwise_clean,True,True,8,300,300,True
ciciot2023,0,4,s1523817,pointwise_attacked,True,True,8,300,300,True
ciciot2023,0,4,s1523817,smoothed_clean,True,True,8,300,300,True
ciciot2023,0,4,s1523817,smoothed_attacked,True,True,8,300,300,True
ciciot2023,0,4,s1523817,adaptive_equal_candidates,True,True,8,300,9000,True
ciciot2023,0,4,s1523817,adaptive_equal_queries,True,True,8,9,270,True
ciciot2023,0,4,s451689,pointwise_clean,True,True,9,300,300,True
ciciot2023,0,4,s451689,pointwise_attacked,True,True,9,300,300,True
ciciot2023,0,4,s451689,smoothed_clean,False,True,9,300,300,True
ciciot2023,0,4,s451689,smoothed_attacked,True,True,9,300,300,True
ciciot2023,0,4,s451689,adaptive_equal_candidates,True,True,9,300,9000,True
ciciot2023,0,4,s451689,adaptive_equal_queries,False,True,9,9,270,True
ciciot2023,0,4,s187581,pointwise_clean,False,True,2,300,300,True
ciciot2023,0,4,s187581,pointwise_attacked,False,True,2,300,300,True
ciciot2023,0,4,s187581,smoothed_clean,False,True,2,300,300,True
ciciot2023,0,4,s187581,smoothed_attacked,False,True,2,300,300,True
ciciot2023,0,4,s187581,adaptive_equal_candidates,False,True,2,300,9000,True
ciciot2023,0,4,s187581,adaptive_equal_queries,False,True,2,9,270,True
ciciot2023,0,4,s1090364,pointwise_clean,True,True,10,300,300,True
ciciot2023,0,4,s1090364,pointwise_attacked,True,True,10,300,300,True
ciciot2023,0,4,s1090364,smoothed_clean,False,True,10,300,300,True
ciciot2023,0,4,s1090364,smoothed_attacked,False,True,10,300,300,True
ciciot2023,0,4,s1090364,adaptive_equal_candidates,False,True,10,300,9000,True
ciciot2023,0,4,s1090364,adaptive_equal_queries,False,True,10,9,270,True
ciciot2023,0,4,s693375,pointwise_clean,True,True,9,300,300,True
ciciot2023,0,4,s693375,pointwise_attacked,True,True,9,300,300,True
ciciot2023,0,4,s693375,smoothed_clean,False,True,9,300,300,True
ciciot2023,0,4,s693375,smoothed_attacked,False,True,9,300,300,True
ciciot2023,0,4,s693375,adaptive_equal_candidates,False,True,9,300,9000,True
ciciot2023,0,4,s693375,adaptive_equal_queries,False,True,9,9,270,True
ciciot2023,0,4,s75779,pointwise_clean,False,True,2,300,300,True
ciciot2023,0,4,s75779,pointwise_attacked,False,True,2,300,300,True
ciciot2023,0,4,s75779,smoothed_clean,False,True,2,300,300,True
ciciot2023,0,4,s75779,smoothed_attacked,False,True,2,300,300,True
ciciot2023,0,4,s75779,adaptive_equal_candidates,False,True,2,300,9000,True
ciciot2023,0,4,s75779,adaptive_equal_queries,False,True,2,9,270,True
ciciot2023,0,4,s1084803,pointwise_clean,False,False,9,300,300,True
ciciot2023,0,4,s1084803,pointwise_attacked,False,True,9,300,300,True
ciciot2023,0,4,s1084803,smoothed_clean,False,True,9,300,300,True
ciciot2023,0,4,s1084803,smoothed_attacked,False,True,9,300,300,True
ciciot2023,0,4,s1084803,adaptive_equal_candidates,False,True,9,300,9000,True
ciciot2023,0,4,s1084803,adaptive_equal_queries,False,True,9,9,270,True
ciciot2023,1,4,s33275,pointwise_clean,True,True,7,300,300,True
ciciot2023,1,4,s33275,pointwise_attacked,True,True,7,300,300,True
ciciot2023,1,4,s33275,smoothed_clean,True,True,7,300,300,True
ciciot2023,1,4,s33275,smoothed_attacked,False,True,7,300,300,True
ciciot2023,1,4,s33275,adaptive_equal_candidates,True,True,7,300,9000,True
ciciot2023,1,4,s33275,adaptive_equal_queries,True,True,7,9,270,True
ciciot2023,1,4,s1062961,pointwise_clean,True,True,7,300,300,True
ciciot2023,1,4,s1062961,pointwise_attacked,True,True,7,300,300,True
ciciot2023,1,4,s1062961,smoothed_clean,True,True,7,300,300,True
ciciot2023,1,4,s1062961,smoothed_attacked,True,True,7,300,300,True
ciciot2023,1,4,s1062961,adaptive_equal_candidates,False,True,7,300,9000,True
ciciot2023,1,4,s1062961,adaptive_equal_queries,False,True,7,9,270,True
ciciot2023,1,4,s320232,pointwise_clean,True,True,10,300,300,True
ciciot2023,1,4,s320232,pointwise_attacked,True,True,10,300,300,True
ciciot2023,1,4,s320232,smoothed_clean,True,True,10,300,300,True
ciciot2023,1,4,s320232,smoothed_attacked,True,True,10,300,300,True
ciciot2023,1,4,s320232,adaptive_equal_candidates,False,True,10,300,9000,True
ciciot2023,1,4,s320232,adaptive_equal_queries,False,True,10,9,270,True
ciciot2023,1,4,s990040,pointwise_clean,True,True,5,300,300,True
ciciot2023,1,4,s990040,pointwise_attacked,True,True,5,300,300,True
ciciot2023,1,4,s990040,smoothed_clean,True,True,5,300,300,True
ciciot2023,1,4,s990040,smoothed_attacked,True,True,5,300,300,True
ciciot2023,1,4,s990040,adaptive_equal_candidates,True,True,5,300,9000,True
ciciot2023,1,4,s990040,adaptive_equal_queries,True,True,5,9,270,True
ciciot2023,1,4,s1090333,pointwise_clean,True,True,7,300,300,True
ciciot2023,1,4,s1090333,pointwise_attacked,True,True,7,300,300,True
ciciot2023,1,4,s1090333,smoothed_clean,True,True,7,300,300,True
ciciot2023,1,4,s1090333,smoothed_attacked,True,True,7,300,300,True
ciciot2023,1,4,s1090333,adaptive_equal_candidates,True,True,7,300,9000,True
ciciot2023,1,4,s1090333,adaptive_equal_queries,True,True,7,9,270,True
ciciot2023,1,4,s875403,pointwise_clean,True,True,8,300,300,True
ciciot2023,1,4,s875403,pointwise_attacked,True,True,8,300,300,True
ciciot2023,1,4,s875403,smoothed_clean,True,True,8,300,300,True
ciciot2023,1,4,s875403,smoothed_attacked,True,True,8,300,300,True
ciciot2023,1,4,s875403,adaptive_equal_candidates,True,True,8,300,9000,True
ciciot2023,1,4,s875403,adaptive_equal_queries,True,True,8,9,270,True
ciciot2023,1,4,s157510,pointwise_clean,False,False,10,300,300,True
ciciot2023,1,4,s157510,pointwise_attacked,False,True,10,300,300,True
ciciot2023,1,4,s157510,smoothed_clean,False,True,10,300,300,True
ciciot2023,1,4,s157510,smoothed_attacked,False,True,10,300,300,True
ciciot2023,1,4,s157510,adaptive_equal_candidates,False,True,10,300,9000,True
ciciot2023,1,4,s157510,adaptive_equal_queries,False,False,10,9,270,True
ciciot2023,1,4,s924050,pointwise_clean,True,True,5,300,300,True
ciciot2023,1,4,s924050,pointwise_attacked,True,True,5,300,300,True
ciciot2023,1,4,s924050,smoothed_clean,True,True,5,300,300,True
ciciot2023,1,4,s924050,smoothed_attacked,True,True,5,300,300,True
ciciot2023,1,4,s924050,adaptive_equal_candidates,True,True,5,300,9000,True
ciciot2023,1,4,s924050,adaptive_equal_queries,True,True,5,9,270,True
ciciot2023,1,4,s1489330,pointwise_clean,True,True,9,300,300,True
ciciot2023,1,4,s1489330,pointwise_attacked,True,True,9,300,300,True
ciciot2023,1,4,s1489330,smoothed_clean,False,True,9,300,300,True
ciciot2023,1,4,s1489330,smoothed_attacked,True,True,9,300,300,True
ciciot2023,1,4,s1489330,adaptive_equal_candidates,False,True,9,300,9000,True
ciciot2023,1,4,s1489330,adaptive_equal_queries,False,True,9,9,270,True
ciciot2023,1,4,s413397,pointwise_clean,True,True,6,300,300,True
ciciot2023,1,4,s413397,pointwise_attacked,True,True,6,300,300,True
ciciot2023,1,4,s413397,smoothed_clean,True,True,6,300,300,True
ciciot2023,1,4,s413397,smoothed_attacked,True,True,6,300,300,True
ciciot2023,1,4,s413397,adaptive_equal_candidates,True,True,6,300,9000,True
ciciot2023,1,4,s413397,adaptive_equal_queries,True,True,6,9,270,True
ciciot2023,1,4,s570458,pointwise_clean,True,True,9,300,300,True
ciciot2023,1,4,s570458,pointwise_attacked,True,True,9,300,300,True
ciciot2023,1,4,s570458,smoothed_clean,True,True,9,300,300,True
ciciot2023,1,4,s570458,smoothed_attacked,True,True,9,300,300,True
ciciot2023,1,4,s570458,adaptive_equal_candidates,True,True,9,300,9000,True
ciciot2023,1,4,s570458,adaptive_equal_queries,True,True,9,9,270,True
ciciot2023,1,4,s725848,pointwise_clean,False,True,6,300,300,True
ciciot2023,1,4,s725848,pointwise_attacked,False,False,6,300,300,True
ciciot2023,1,4,s725848,smoothed_clean,False,True,6,300,300,True
ciciot2023,1,4,s725848,smoothed_attacked,False,True,6,300,300,True
ciciot2023,1,4,s725848,adaptive_equal_candidates,False,True,6,300,9000,True
ciciot2023,1,4,s725848,adaptive_equal_queries,False,True,6,9,270,True
ciciot2023,1,4,s1422736,pointwise_clean,False,True,6,300,300,True
ciciot2023,1,4,s1422736,pointwise_attacked,False,True,6,300,300,True
ciciot2023,1,4,s1422736,smoothed_clean,False,True,6,300,300,True
ciciot2023,1,4,s1422736,smoothed_attacked,False,True,6,300,300,True
ciciot2023,1,4,s1422736,adaptive_equal_candidates,False,True,6,300,9000,True
ciciot2023,1,4,s1422736,adaptive_equal_queries,False,True,6,9,270,True
ciciot2023,1,4,s1574147,pointwise_clean,True,True,8,300,300,True
ciciot2023,1,4,s1574147,pointwise_attacked,True,True,8,300,300,True
ciciot2023,1,4,s1574147,smoothed_clean,True,True,8,300,300,True
ciciot2023,1,4,s1574147,smoothed_attacked,True,True,8,300,300,True
ciciot2023,1,4,s1574147,adaptive_equal_candidates,True,True,8,300,9000,True
ciciot2023,1,4,s1574147,adaptive_equal_queries,True,True,8,9,270,True
ciciot2023,1,4,s1172200,pointwise_clean,True,True,4,300,300,True
ciciot2023,1,4,s1172200,pointwise_attacked,True,True,4,300,300,True
ciciot2023,1,4,s1172200,smoothed_clean,True,True,4,300,300,True
ciciot2023,1,4,s1172200,smoothed_attacked,True,True,4,300,300,True
ciciot2023,1,4,s1172200,adaptive_equal_candidates,True,True,4,300,9000,True
ciciot2023,1,4,s1172200,adaptive_equal_queries,True,True,4,9,270,True
ciciot2023,2,4,s1152729,pointwise_clean,True,True,9,300,300,True
ciciot2023,2,4,s1152729,pointwise_attacked,True,True,9,300,300,True
ciciot2023,2,4,s1152729,smoothed_clean,True,True,9,300,300,True
ciciot2023,2,4,s1152729,smoothed_attacked,True,True,9,300,300,True
ciciot2023,2,4,s1152729,adaptive_equal_candidates,True,True,9,300,9000,True
ciciot2023,2,4,s1152729,adaptive_equal_queries,True,True,9,9,270,True
ciciot2023,2,4,s1327792,pointwise_clean,True,True,5,300,300,True
ciciot2023,2,4,s1327792,pointwise_attacked,True,True,5,300,300,True
ciciot2023,2,4,s1327792,smoothed_clean,True,True,5,300,300,True
ciciot2023,2,4,s1327792,smoothed_attacked,True,True,5,300,300,True
ciciot2023,2,4,s1327792,adaptive_equal_candidates,True,True,5,300,9000,True
ciciot2023,2,4,s1327792,adaptive_equal_queries,True,True,5,9,270,True
ciciot2023,2,4,s1307668,pointwise_clean,True,True,5,300,300,True
ciciot2023,2,4,s1307668,pointwise_attacked,True,True,5,300,300,True
ciciot2023,2,4,s1307668,smoothed_clean,True,True,5,300,300,True
ciciot2023,2,4,s1307668,smoothed_attacked,True,True,5,300,300,True
ciciot2023,2,4,s1307668,adaptive_equal_candidates,True,True,5,300,9000,True
ciciot2023,2,4,s1307668,adaptive_equal_queries,True,True,5,9,270,True
ciciot2023,2,4,s380171,pointwise_clean,True,True,8,300,300,True
ciciot2023,2,4,s380171,pointwise_attacked,True,True,8,300,300,True
ciciot2023,2,4,s380171,smoothed_clean,True,True,8,300,300,True
ciciot2023,2,4,s380171,smoothed_attacked,True,True,8,300,300,True
ciciot2023,2,4,s380171,adaptive_equal_candidates,True,True,8,300,9000,True
ciciot2023,2,4,s380171,adaptive_equal_queries,True,True,8,9,270,True
ciciot2023,2,4,s701751,pointwise_clean,True,True,4,300,300,True
ciciot2023,2,4,s701751,pointwise_attacked,False,True,4,300,300,True
ciciot2023,2,4,s701751,smoothed_clean,True,True,4,300,300,True
ciciot2023,2,4,s701751,smoothed_attacked,False,True,4,300,300,True
ciciot2023,2,4,s701751,adaptive_equal_candidates,True,True,4,300,9000,True
ciciot2023,2,4,s701751,adaptive_equal_queries,True,True,4,9,270,True
ciciot2023,2,4,s1455321,pointwise_clean,True,True,6,300,300,True
ciciot2023,2,4,s1455321,pointwise_attacked,True,True,6,300,300,True
ciciot2023,2,4,s1455321,smoothed_clean,True,True,6,300,300,True
ciciot2023,2,4,s1455321,smoothed_attacked,True,True,6,300,300,True
ciciot2023,2,4,s1455321,adaptive_equal_candidates,True,True,6,300,9000,True
ciciot2023,2,4,s1455321,adaptive_equal_queries,True,True,6,9,270,True
ciciot2023,2,4,s1371094,pointwise_clean,True,True,4,300,300,True
ciciot2023,2,4,s1371094,pointwise_attacked,True,True,4,300,300,True
ciciot2023,2,4,s1371094,smoothed_clean,True,True,4,300,300,True
ciciot2023,2,4,s1371094,smoothed_attacked,True,True,4,300,300,True
ciciot2023,2,4,s1371094,adaptive_equal_candidates,True,True,4,300,9000,True
ciciot2023,2,4,s1371094,adaptive_equal_queries,True,True,4,9,270,True
ciciot2023,2,4,s819482,pointwise_clean,True,True,4,300,300,True
ciciot2023,2,4,s819482,pointwise_attacked,True,True,4,300,300,True
ciciot2023,2,4,s819482,smoothed_clean,True,True,4,300,300,True
ciciot2023,2,4,s819482,smoothed_attacked,True,True,4,300,300,True
ciciot2023,2,4,s819482,adaptive_equal_candidates,True,True,4,300,9000,True
ciciot2023,2,4,s819482,adaptive_equal_queries,True,True,4,9,270,True
ciciot2023,2,4,s451560,pointwise_clean,True,True,7,300,300,True
ciciot2023,2,4,s451560,pointwise_attacked,True,True,7,300,300,True
ciciot2023,2,4,s451560,smoothed_clean,True,True,7,300,300,True
ciciot2023,2,4,s451560,smoothed_attacked,True,True,7,300,300,True
ciciot2023,2,4,s451560,adaptive_equal_candidates,True,True,7,300,9000,True
ciciot2023,2,4,s451560,adaptive_equal_queries,True,True,7,9,270,True
ciciot2023,2,4,s1541671,pointwise_clean,False,True,3,300,300,True
ciciot2023,2,4,s1541671,pointwise_attacked,False,True,3,300,300,True
ciciot2023,2,4,s1541671,smoothed_clean,False,True,3,300,300,True
ciciot2023,2,4,s1541671,smoothed_attacked,False,True,3,300,300,True
ciciot2023,2,4,s1541671,adaptive_equal_candidates,False,True,3,300,9000,True
ciciot2023,2,4,s1541671,adaptive_equal_queries,False,True,3,9,270,True
ciciot2023,2,4,s244838,pointwise_clean,True,True,4,300,300,True
ciciot2023,2,4,s244838,pointwise_attacked,True,True,4,300,300,True
ciciot2023,2,4,s244838,smoothed_clean,True,True,4,300,300,True
ciciot2023,2,4,s244838,smoothed_attacked,True,True,4,300,300,True
ciciot2023,2,4,s244838,adaptive_equal_candidates,True,True,4,300,9000,True
ciciot2023,2,4,s244838,adaptive_equal_queries,True,True,4,9,270,True
ciciot2023,2,4,s1483973,pointwise_clean,True,True,6,300,300,True
ciciot2023,2,4,s1483973,pointwise_attacked,True,True,6,300,300,True
ciciot2023,2,4,s1483973,smoothed_clean,True,True,6,300,300,True
ciciot2023,2,4,s1483973,smoothed_attacked,True,True,6,300,300,True
ciciot2023,2,4,s1483973,adaptive_equal_candidates,True,True,6,300,9000,True
ciciot2023,2,4,s1483973,adaptive_equal_queries,True,True,6,9,270,True
ciciot2023,2,4,s945504,pointwise_clean,False,True,6,300,300,True
ciciot2023,2,4,s945504,pointwise_attacked,False,True,6,300,300,True
ciciot2023,2,4,s945504,smoothed_clean,False,True,6,300,300,True
ciciot2023,2,4,s945504,smoothed_attacked,False,True,6,300,300,True
ciciot2023,2,4,s945504,adaptive_equal_candidates,False,True,6,300,9000,True
ciciot2023,2,4,s945504,adaptive_equal_queries,False,True,6,9,270,True
ciciot2023,2,4,s1463678,pointwise_clean,True,True,5,300,300,True
ciciot2023,2,4,s1463678,pointwise_attacked,True,True,5,300,300,True
ciciot2023,2,4,s1463678,smoothed_clean,True,True,5,300,300,True
ciciot2023,2,4,s1463678,smoothed_attacked,True,True,5,300,300,True
ciciot2023,2,4,s1463678,adaptive_equal_candidates,True,True,5,300,9000,True
ciciot2023,2,4,s1463678,adaptive_equal_queries,True,True,5,9,270,True
ciciot2023,2,4,s1345905,pointwise_clean,True,True,7,300,300,True
ciciot2023,2,4,s1345905,pointwise_attacked,True,True,7,300,300,True
ciciot2023,2,4,s1345905,smoothed_clean,True,True,7,300,300,True
ciciot2023,2,4,s1345905,smoothed_attacked,True,True,7,300,300,True
ciciot2023,2,4,s1345905,adaptive_equal_candidates,True,True,7,300,9000,True
ciciot2023,2,4,s1345905,adaptive_equal_queries,True,True,7,9,270,True
ciciot2023,3,4,s1425392,pointwise_clean,True,True,7,300,300,True
ciciot2023,3,4,s1425392,pointwise_attacked,True,True,7,300,300,True
ciciot2023,3,4,s1425392,smoothed_clean,True,True,7,300,300,True
ciciot2023,3,4,s1425392,smoothed_attacked,True,True,7,300,300,True
ciciot2023,3,4,s1425392,adaptive_equal_candidates,True,True,7,300,9000,True
ciciot2023,3,4,s1425392,adaptive_equal_queries,True,True,7,9,270,True
ciciot2023,3,4,s952596,pointwise_clean,False,True,7,300,300,True
ciciot2023,3,4,s952596,pointwise_attacked,False,True,7,300,300,True
ciciot2023,3,4,s952596,smoothed_clean,False,True,7,300,300,True
ciciot2023,3,4,s952596,smoothed_attacked,False,True,7,300,300,True
ciciot2023,3,4,s952596,adaptive_equal_candidates,False,True,7,300,9000,True
ciciot2023,3,4,s952596,adaptive_equal_queries,False,True,7,9,270,True
ciciot2023,3,4,s235973,pointwise_clean,True,True,7,300,300,True
ciciot2023,3,4,s235973,pointwise_attacked,True,True,7,300,300,True
ciciot2023,3,4,s235973,smoothed_clean,True,True,7,300,300,True
ciciot2023,3,4,s235973,smoothed_attacked,True,True,7,300,300,True
ciciot2023,3,4,s235973,adaptive_equal_candidates,True,True,7,300,9000,True
ciciot2023,3,4,s235973,adaptive_equal_queries,True,True,7,9,270,True
ciciot2023,3,4,s687847,pointwise_clean,False,True,6,300,300,True
ciciot2023,3,4,s687847,pointwise_attacked,False,True,6,300,300,True
ciciot2023,3,4,s687847,smoothed_clean,False,True,6,300,300,True
ciciot2023,3,4,s687847,smoothed_attacked,False,True,6,300,300,True
ciciot2023,3,4,s687847,adaptive_equal_candidates,False,True,6,300,9000,True
ciciot2023,3,4,s687847,adaptive_equal_queries,False,True,6,9,270,True
ciciot2023,3,4,s1118158,pointwise_clean,True,True,6,300,300,True
ciciot2023,3,4,s1118158,pointwise_attacked,True,True,6,300,300,True
ciciot2023,3,4,s1118158,smoothed_clean,True,True,6,300,300,True
ciciot2023,3,4,s1118158,smoothed_attacked,True,True,6,300,300,True
ciciot2023,3,4,s1118158,adaptive_equal_candidates,True,True,6,300,9000,True
ciciot2023,3,4,s1118158,adaptive_equal_queries,True,True,6,9,270,True
ciciot2023,3,4,s1269858,pointwise_clean,True,True,5,300,300,True
ciciot2023,3,4,s1269858,pointwise_attacked,True,True,5,300,300,True
ciciot2023,3,4,s1269858,smoothed_clean,True,True,5,300,300,True
ciciot2023,3,4,s1269858,smoothed_attacked,True,True,5,300,300,True
ciciot2023,3,4,s1269858,adaptive_equal_candidates,True,True,5,300,9000,True
ciciot2023,3,4,s1269858,adaptive_equal_queries,True,True,5,9,270,True
ciciot2023,3,4,s1270261,pointwise_clean,True,True,9,300,300,True
ciciot2023,3,4,s1270261,pointwise_attacked,True,True,9,300,300,True
ciciot2023,3,4,s1270261,smoothed_clean,True,True,9,300,300,True
ciciot2023,3,4,s1270261,smoothed_attacked,True,True,9,300,300,True
ciciot2023,3,4,s1270261,adaptive_equal_candidates,True,True,9,300,9000,True
ciciot2023,3,4,s1270261,adaptive_equal_queries,True,True,9,9,270,True
ciciot2023,3,4,s1323853,pointwise_clean,True,True,7,300,300,True
ciciot2023,3,4,s1323853,pointwise_attacked,True,True,7,300,300,True
ciciot2023,3,4,s1323853,smoothed_clean,True,True,7,300,300,True
ciciot2023,3,4,s1323853,smoothed_attacked,True,True,7,300,300,True
ciciot2023,3,4,s1323853,adaptive_equal_candidates,True,True,7,300,9000,True
ciciot2023,3,4,s1323853,adaptive_equal_queries,True,True,7,9,270,True
ciciot2023,3,4,s949830,pointwise_clean,True,True,7,300,300,True
ciciot2023,3,4,s949830,pointwise_attacked,True,True,7,300,300,True
ciciot2023,3,4,s949830,smoothed_clean,True,True,7,300,300,True
ciciot2023,3,4,s949830,smoothed_attacked,True,True,7,300,300,True
ciciot2023,3,4,s949830,adaptive_equal_candidates,True,True,7,300,9000,True
ciciot2023,3,4,s949830,adaptive_equal_queries,True,True,7,9,270,True
ciciot2023,3,4,s624334,pointwise_clean,False,True,4,300,300,True
ciciot2023,3,4,s624334,pointwise_attacked,False,True,4,300,300,True
ciciot2023,3,4,s624334,smoothed_clean,False,True,4,300,300,True
ciciot2023,3,4,s624334,smoothed_attacked,False,True,4,300,300,True
ciciot2023,3,4,s624334,adaptive_equal_candidates,False,True,4,300,9000,True
ciciot2023,3,4,s624334,adaptive_equal_queries,False,True,4,9,270,True
ciciot2023,3,4,s1324628,pointwise_clean,True,True,7,300,300,True
ciciot2023,3,4,s1324628,pointwise_attacked,True,True,7,300,300,True
ciciot2023,3,4,s1324628,smoothed_clean,True,True,7,300,300,True
ciciot2023,3,4,s1324628,smoothed_attacked,True,True,7,300,300,True
ciciot2023,3,4,s1324628,adaptive_equal_candidates,True,True,7,300,9000,True
ciciot2023,3,4,s1324628,adaptive_equal_queries,True,True,7,9,270,True
ciciot2023,3,4,s1001965,pointwise_clean,True,True,7,300,300,True
ciciot2023,3,4,s1001965,pointwise_attacked,True,True,7,300,300,True
ciciot2023,3,4,s1001965,smoothed_clean,True,True,7,300,300,True
ciciot2023,3,4,s1001965,smoothed_attacked,True,True,7,300,300,True
ciciot2023,3,4,s1001965,adaptive_equal_candidates,True,True,7,300,9000,True
ciciot2023,3,4,s1001965,adaptive_equal_queries,True,True,7,9,270,True
ciciot2023,3,4,s533196,pointwise_clean,True,True,9,300,300,True
ciciot2023,3,4,s533196,pointwise_attacked,True,True,9,300,300,True
ciciot2023,3,4,s533196,smoothed_clean,True,True,9,300,300,True
ciciot2023,3,4,s533196,smoothed_attacked,True,True,9,300,300,True
ciciot2023,3,4,s533196,adaptive_equal_candidates,True,True,9,300,9000,True
ciciot2023,3,4,s533196,adaptive_equal_queries,True,True,9,9,270,True
ciciot2023,3,4,s39773,pointwise_clean,True,True,8,300,300,True
ciciot2023,3,4,s39773,pointwise_attacked,True,True,8,300,300,True
ciciot2023,3,4,s39773,smoothed_clean,True,True,8,300,300,True
ciciot2023,3,4,s39773,smoothed_attacked,True,True,8,300,300,True
ciciot2023,3,4,s39773,adaptive_equal_candidates,True,True,8,300,9000,True
ciciot2023,3,4,s39773,adaptive_equal_queries,True,True,8,9,270,True
ciciot2023,3,4,s1565486,pointwise_clean,True,True,8,300,300,True
ciciot2023,3,4,s1565486,pointwise_attacked,True,True,8,300,300,True
ciciot2023,3,4,s1565486,smoothed_clean,True,True,8,300,300,True
ciciot2023,3,4,s1565486,smoothed_attacked,True,True,8,300,300,True
ciciot2023,3,4,s1565486,adaptive_equal_candidates,True,True,8,300,9000,True
ciciot2023,3,4,s1565486,adaptive_equal_queries,True,True,8,9,270,True
ciciot2023,4,4,s1119017,pointwise_clean,False,False,4,300,300,True
ciciot2023,4,4,s1119017,pointwise_attacked,False,True,4,300,300,True
ciciot2023,4,4,s1119017,smoothed_clean,True,True,4,300,300,True
ciciot2023,4,4,s1119017,smoothed_attacked,False,True,4,300,300,True
ciciot2023,4,4,s1119017,adaptive_equal_candidates,False,True,4,300,9000,True
ciciot2023,4,4,s1119017,adaptive_equal_queries,False,True,4,9,270,True
ciciot2023,4,4,s757472,pointwise_clean,False,True,7,300,300,True
ciciot2023,4,4,s757472,pointwise_attacked,True,True,7,300,300,True
ciciot2023,4,4,s757472,smoothed_clean,True,True,7,300,300,True
ciciot2023,4,4,s757472,smoothed_attacked,True,True,7,300,300,True
ciciot2023,4,4,s757472,adaptive_equal_candidates,False,True,7,300,9000,True
ciciot2023,4,4,s757472,adaptive_equal_queries,True,True,7,9,270,True
ciciot2023,4,4,s1436698,pointwise_clean,True,True,10,300,300,True
ciciot2023,4,4,s1436698,pointwise_attacked,True,True,10,300,300,True
ciciot2023,4,4,s1436698,smoothed_clean,True,True,10,300,300,True
ciciot2023,4,4,s1436698,smoothed_attacked,True,True,10,300,300,True
ciciot2023,4,4,s1436698,adaptive_equal_candidates,True,True,10,300,9000,True
ciciot2023,4,4,s1436698,adaptive_equal_queries,True,True,10,9,270,True
ciciot2023,4,4,s269590,pointwise_clean,True,True,6,300,300,True
ciciot2023,4,4,s269590,pointwise_attacked,True,True,6,300,300,True
ciciot2023,4,4,s269590,smoothed_clean,True,True,6,300,300,True
ciciot2023,4,4,s269590,smoothed_attacked,True,True,6,300,300,True
ciciot2023,4,4,s269590,adaptive_equal_candidates,True,True,6,300,9000,True
ciciot2023,4,4,s269590,adaptive_equal_queries,True,True,6,9,270,True
ciciot2023,4,4,s287251,pointwise_clean,True,True,7,300,300,True
ciciot2023,4,4,s287251,pointwise_attacked,True,True,7,300,300,True
ciciot2023,4,4,s287251,smoothed_clean,True,True,7,300,300,True
ciciot2023,4,4,s287251,smoothed_attacked,True,True,7,300,300,True
ciciot2023,4,4,s287251,adaptive_equal_candidates,True,True,7,300,9000,True
ciciot2023,4,4,s287251,adaptive_equal_queries,True,True,7,9,270,True
ciciot2023,4,4,s216924,pointwise_clean,False,True,6,300,300,True
ciciot2023,4,4,s216924,pointwise_attacked,False,True,6,300,300,True
ciciot2023,4,4,s216924,smoothed_clean,False,True,6,300,300,True
ciciot2023,4,4,s216924,smoothed_attacked,False,True,6,300,300,True
ciciot2023,4,4,s216924,adaptive_equal_candidates,False,True,6,300,9000,True
ciciot2023,4,4,s216924,adaptive_equal_queries,False,True,6,9,270,True
ciciot2023,4,4,s827160,pointwise_clean,True,True,9,300,300,True
ciciot2023,4,4,s827160,pointwise_attacked,True,True,9,300,300,True
ciciot2023,4,4,s827160,smoothed_clean,True,True,9,300,300,True
ciciot2023,4,4,s827160,smoothed_attacked,True,True,9,300,300,True
ciciot2023,4,4,s827160,adaptive_equal_candidates,True,True,9,300,9000,True
ciciot2023,4,4,s827160,adaptive_equal_queries,True,True,9,9,270,True
ciciot2023,4,4,s1322711,pointwise_clean,False,True,7,300,300,True
ciciot2023,4,4,s1322711,pointwise_attacked,False,True,7,300,300,True
ciciot2023,4,4,s1322711,smoothed_clean,False,True,7,300,300,True
ciciot2023,4,4,s1322711,smoothed_attacked,False,True,7,300,300,True
ciciot2023,4,4,s1322711,adaptive_equal_candidates,False,True,7,300,9000,True
ciciot2023,4,4,s1322711,adaptive_equal_queries,False,True,7,9,270,True
ciciot2023,4,4,s491919,pointwise_clean,True,True,5,300,300,True
ciciot2023,4,4,s491919,pointwise_attacked,True,True,5,300,300,True
ciciot2023,4,4,s491919,smoothed_clean,True,True,5,300,300,True
ciciot2023,4,4,s491919,smoothed_attacked,True,True,5,300,300,True
ciciot2023,4,4,s491919,adaptive_equal_candidates,True,True,5,300,9000,True
ciciot2023,4,4,s491919,adaptive_equal_queries,True,True,5,9,270,True
ciciot2023,4,4,s1498671,pointwise_clean,True,True,6,300,300,True
ciciot2023,4,4,s1498671,pointwise_attacked,True,True,6,300,300,True
ciciot2023,4,4,s1498671,smoothed_clean,True,True,6,300,300,True
ciciot2023,4,4,s1498671,smoothed_attacked,True,True,6,300,300,True
ciciot2023,4,4,s1498671,adaptive_equal_candidates,True,True,6,300,9000,True
ciciot2023,4,4,s1498671,adaptive_equal_queries,True,True,6,9,270,True
ciciot2023,4,4,s521271,pointwise_clean,True,True,6,300,300,True
ciciot2023,4,4,s521271,pointwise_attacked,True,True,6,300,300,True
ciciot2023,4,4,s521271,smoothed_clean,True,True,6,300,300,True
ciciot2023,4,4,s521271,smoothed_attacked,True,True,6,300,300,True
ciciot2023,4,4,s521271,adaptive_equal_candidates,False,True,6,300,9000,True
ciciot2023,4,4,s521271,adaptive_equal_queries,True,True,6,9,270,True
ciciot2023,4,4,s1092853,pointwise_clean,False,False,3,300,300,True
ciciot2023,4,4,s1092853,pointwise_attacked,False,True,3,300,300,True
ciciot2023,4,4,s1092853,smoothed_clean,True,True,3,300,300,True
ciciot2023,4,4,s1092853,smoothed_attacked,False,True,3,300,300,True
ciciot2023,4,4,s1092853,adaptive_equal_candidates,False,True,3,300,9000,True
ciciot2023,4,4,s1092853,adaptive_equal_queries,True,True,3,9,270,True
ciciot2023,4,4,s1151243,pointwise_clean,False,True,7,300,300,True
ciciot2023,4,4,s1151243,pointwise_attacked,False,True,7,300,300,True
ciciot2023,4,4,s1151243,smoothed_clean,True,True,7,300,300,True
ciciot2023,4,4,s1151243,smoothed_attacked,True,True,7,300,300,True
ciciot2023,4,4,s1151243,adaptive_equal_candidates,True,True,7,300,9000,True
ciciot2023,4,4,s1151243,adaptive_equal_queries,True,True,7,9,270,True
ciciot2023,4,4,s805280,pointwise_clean,False,True,5,300,300,True
ciciot2023,4,4,s805280,pointwise_attacked,True,True,5,300,300,True
ciciot2023,4,4,s805280,smoothed_clean,True,True,5,300,300,True
ciciot2023,4,4,s805280,smoothed_attacked,True,True,5,300,300,True
ciciot2023,4,4,s805280,adaptive_equal_candidates,True,True,5,300,9000,True
ciciot2023,4,4,s805280,adaptive_equal_queries,False,True,5,9,270,True
ciciot2023,4,4,s984365,pointwise_clean,False,True,9,300,300,True
ciciot2023,4,4,s984365,pointwise_attacked,False,True,9,300,300,True
ciciot2023,4,4,s984365,smoothed_clean,True,True,9,300,300,True
ciciot2023,4,4,s984365,smoothed_attacked,False,True,9,300,300,True
ciciot2023,4,4,s984365,adaptive_equal_candidates,True,True,9,300,9000,True
ciciot2023,4,4,s984365,adaptive_equal_queries,True,True,9,9,270,True
ciciomt2024,0,4,s598550,pointwise_clean,True,True,12,300,300,True
ciciomt2024,0,4,s598550,pointwise_attacked,False,True,12,300,300,True
ciciomt2024,0,4,s598550,smoothed_clean,True,True,12,300,300,True
ciciomt2024,0,4,s598550,smoothed_attacked,True,True,12,300,300,True
ciciomt2024,0,4,s598550,adaptive_equal_candidates,False,True,12,300,9000,True
ciciomt2024,0,4,s598550,adaptive_equal_queries,True,True,12,9,270,True
ciciomt2024,0,4,s759106,pointwise_clean,True,True,5,300,300,True
ciciomt2024,0,4,s759106,pointwise_attacked,False,True,5,300,300,True
ciciomt2024,0,4,s759106,smoothed_clean,True,True,5,300,300,True
ciciomt2024,0,4,s759106,smoothed_attacked,True,True,5,300,300,True
ciciomt2024,0,4,s759106,adaptive_equal_candidates,True,True,5,300,9000,True
ciciomt2024,0,4,s759106,adaptive_equal_queries,True,True,5,9,270,True
ciciomt2024,0,4,s633932,pointwise_clean,False,True,9,300,300,True
ciciomt2024,0,4,s633932,pointwise_attacked,False,True,9,300,300,True
ciciomt2024,0,4,s633932,smoothed_clean,True,True,9,300,300,True
ciciomt2024,0,4,s633932,smoothed_attacked,True,True,9,300,300,True
ciciomt2024,0,4,s633932,adaptive_equal_candidates,True,True,9,300,9000,True
ciciomt2024,0,4,s633932,adaptive_equal_queries,True,True,9,9,270,True
ciciomt2024,0,4,s315684,pointwise_clean,True,True,10,300,300,True
ciciomt2024,0,4,s315684,pointwise_attacked,True,True,10,300,300,True
ciciomt2024,0,4,s315684,smoothed_clean,True,True,10,300,300,True
ciciomt2024,0,4,s315684,smoothed_attacked,True,True,10,300,300,True
ciciomt2024,0,4,s315684,adaptive_equal_candidates,True,True,10,300,9000,True
ciciomt2024,0,4,s315684,adaptive_equal_queries,True,True,10,9,270,True
ciciomt2024,0,4,s608219,pointwise_clean,True,True,7,300,300,True
ciciomt2024,0,4,s608219,pointwise_attacked,True,True,7,300,300,True
ciciomt2024,0,4,s608219,smoothed_clean,True,True,7,300,300,True
ciciomt2024,0,4,s608219,smoothed_attacked,True,True,7,300,300,True
ciciomt2024,0,4,s608219,adaptive_equal_candidates,True,True,7,300,9000,True
ciciomt2024,0,4,s608219,adaptive_equal_queries,True,True,7,9,270,True
ciciomt2024,0,4,s588431,pointwise_clean,True,True,11,300,300,True
ciciomt2024,0,4,s588431,pointwise_attacked,True,True,11,300,300,True
ciciomt2024,0,4,s588431,smoothed_clean,True,True,11,300,300,True
ciciomt2024,0,4,s588431,smoothed_attacked,True,True,11,300,300,True
ciciomt2024,0,4,s588431,adaptive_equal_candidates,True,True,11,300,9000,True
ciciomt2024,0,4,s588431,adaptive_equal_queries,True,True,11,9,270,True
ciciomt2024,0,4,s587599,pointwise_clean,True,True,5,300,300,True
ciciomt2024,0,4,s587599,pointwise_attacked,True,True,5,300,300,True
ciciomt2024,0,4,s587599,smoothed_clean,True,True,5,300,300,True
ciciomt2024,0,4,s587599,smoothed_attacked,True,True,5,300,300,True
ciciomt2024,0,4,s587599,adaptive_equal_candidates,True,True,5,300,9000,True
ciciomt2024,0,4,s587599,adaptive_equal_queries,True,True,5,9,270,True
ciciomt2024,0,4,s276938,pointwise_clean,True,True,13,300,300,True
ciciomt2024,0,4,s276938,pointwise_attacked,True,True,13,300,300,True
ciciomt2024,0,4,s276938,smoothed_clean,True,True,13,300,300,True
ciciomt2024,0,4,s276938,smoothed_attacked,True,True,13,300,300,True
ciciomt2024,0,4,s276938,adaptive_equal_candidates,False,True,13,300,9000,True
ciciomt2024,0,4,s276938,adaptive_equal_queries,True,True,13,9,270,True
ciciomt2024,0,4,s665179,pointwise_clean,True,True,14,300,300,True
ciciomt2024,0,4,s665179,pointwise_attacked,False,False,14,300,300,True
ciciomt2024,0,4,s665179,smoothed_clean,False,True,14,300,300,True
ciciomt2024,0,4,s665179,smoothed_attacked,False,True,14,300,300,True
ciciomt2024,0,4,s665179,adaptive_equal_candidates,True,True,14,300,9000,True
ciciomt2024,0,4,s665179,adaptive_equal_queries,True,True,14,9,270,True
ciciomt2024,0,4,s594993,pointwise_clean,True,True,5,300,300,True
ciciomt2024,0,4,s594993,pointwise_attacked,True,True,5,300,300,True
ciciomt2024,0,4,s594993,smoothed_clean,True,True,5,300,300,True
ciciomt2024,0,4,s594993,smoothed_attacked,True,True,5,300,300,True
ciciomt2024,0,4,s594993,adaptive_equal_candidates,True,True,5,300,9000,True
ciciomt2024,0,4,s594993,adaptive_equal_queries,True,True,5,9,270,True
ciciomt2024,0,4,s183165,pointwise_clean,True,True,13,300,300,True
ciciomt2024,0,4,s183165,pointwise_attacked,False,True,13,300,300,True
ciciomt2024,0,4,s183165,smoothed_clean,False,True,13,300,300,True
ciciomt2024,0,4,s183165,smoothed_attacked,False,True,13,300,300,True
ciciomt2024,0,4,s183165,adaptive_equal_candidates,False,True,13,300,9000,True
ciciomt2024,0,4,s183165,adaptive_equal_queries,False,True,13,9,270,True
ciciomt2024,0,4,s256114,pointwise_clean,True,True,13,300,300,True
ciciomt2024,0,4,s256114,pointwise_attacked,False,True,13,300,300,True
ciciomt2024,0,4,s256114,smoothed_clean,True,True,13,300,300,True
ciciomt2024,0,4,s256114,smoothed_attacked,False,True,13,300,300,True
ciciomt2024,0,4,s256114,adaptive_equal_candidates,False,True,13,300,9000,True
ciciomt2024,0,4,s256114,adaptive_equal_queries,False,True,13,9,270,True
ciciomt2024,0,4,s276057,pointwise_clean,True,True,13,300,300,True
ciciomt2024,0,4,s276057,pointwise_attacked,False,True,13,300,300,True
ciciomt2024,0,4,s276057,smoothed_clean,True,True,13,300,300,True
ciciomt2024,0,4,s276057,smoothed_attacked,False,True,13,300,300,True
ciciomt2024,0,4,s276057,adaptive_equal_candidates,True,True,13,300,9000,True
ciciomt2024,0,4,s276057,adaptive_equal_queries,False,True,13,9,270,True
ciciomt2024,0,4,s764510,pointwise_clean,True,True,12,300,300,True
ciciomt2024,0,4,s764510,pointwise_attacked,True,True,12,300,300,True
ciciomt2024,0,4,s764510,smoothed_clean,True,True,12,300,300,True
ciciomt2024,0,4,s764510,smoothed_attacked,True,True,12,300,300,True
ciciomt2024,0,4,s764510,adaptive_equal_candidates,True,True,12,300,9000,True
ciciomt2024,0,4,s764510,adaptive_equal_queries,True,True,12,9,270,True
ciciomt2024,0,4,s253485,pointwise_clean,True,True,14,300,300,True
ciciomt2024,0,4,s253485,pointwise_attacked,True,True,14,300,300,True
ciciomt2024,0,4,s253485,smoothed_clean,True,True,14,300,300,True
ciciomt2024,0,4,s253485,smoothed_attacked,True,True,14,300,300,True
ciciomt2024,0,4,s253485,adaptive_equal_candidates,True,True,14,300,9000,True
ciciomt2024,0,4,s253485,adaptive_equal_queries,True,True,14,9,270,True
ciciomt2024,1,4,s712713,pointwise_clean,True,True,4,300,300,True
ciciomt2024,1,4,s712713,pointwise_attacked,True,True,4,300,300,True
ciciomt2024,1,4,s712713,smoothed_clean,True,True,4,300,300,True
ciciomt2024,1,4,s712713,smoothed_attacked,True,True,4,300,300,True
ciciomt2024,1,4,s712713,adaptive_equal_candidates,True,True,4,300,9000,True
ciciomt2024,1,4,s712713,adaptive_equal_queries,True,True,4,9,270,True
ciciomt2024,1,4,s737585,pointwise_clean,True,True,6,300,300,True
ciciomt2024,1,4,s737585,pointwise_attacked,False,True,6,300,300,True
ciciomt2024,1,4,s737585,smoothed_clean,True,True,6,300,300,True
ciciomt2024,1,4,s737585,smoothed_attacked,True,True,6,300,300,True
ciciomt2024,1,4,s737585,adaptive_equal_candidates,True,True,6,300,9000,True
ciciomt2024,1,4,s737585,adaptive_equal_queries,True,True,6,9,270,True
ciciomt2024,1,4,s263804,pointwise_clean,True,True,9,300,300,True
ciciomt2024,1,4,s263804,pointwise_attacked,True,True,9,300,300,True
ciciomt2024,1,4,s263804,smoothed_clean,True,True,9,300,300,True
ciciomt2024,1,4,s263804,smoothed_attacked,True,True,9,300,300,True
ciciomt2024,1,4,s263804,adaptive_equal_candidates,True,True,9,300,9000,True
ciciomt2024,1,4,s263804,adaptive_equal_queries,True,True,9,9,270,True
ciciomt2024,1,4,s667942,pointwise_clean,True,True,6,300,300,True
ciciomt2024,1,4,s667942,pointwise_attacked,True,True,6,300,300,True
ciciomt2024,1,4,s667942,smoothed_clean,True,True,6,300,300,True
ciciomt2024,1,4,s667942,smoothed_attacked,True,True,6,300,300,True
ciciomt2024,1,4,s667942,adaptive_equal_candidates,True,True,6,300,9000,True
ciciomt2024,1,4,s667942,adaptive_equal_queries,True,True,6,9,270,True
ciciomt2024,1,4,s228915,pointwise_clean,True,True,12,300,300,True
ciciomt2024,1,4,s228915,pointwise_attacked,True,True,12,300,300,True
ciciomt2024,1,4,s228915,smoothed_clean,True,True,12,300,300,True
ciciomt2024,1,4,s228915,smoothed_attacked,True,True,12,300,300,True
ciciomt2024,1,4,s228915,adaptive_equal_candidates,True,True,12,300,9000,True
ciciomt2024,1,4,s228915,adaptive_equal_queries,False,True,12,9,270,True
ciciomt2024,1,4,s607504,pointwise_clean,True,True,8,300,300,True
ciciomt2024,1,4,s607504,pointwise_attacked,True,True,8,300,300,True
ciciomt2024,1,4,s607504,smoothed_clean,False,True,8,300,300,True
ciciomt2024,1,4,s607504,smoothed_attacked,True,True,8,300,300,True
ciciomt2024,1,4,s607504,adaptive_equal_candidates,True,True,8,300,9000,True
ciciomt2024,1,4,s607504,adaptive_equal_queries,False,True,8,9,270,True
ciciomt2024,1,4,s611659,pointwise_clean,True,True,4,300,300,True
ciciomt2024,1,4,s611659,pointwise_attacked,False,True,4,300,300,True
ciciomt2024,1,4,s611659,smoothed_clean,True,True,4,300,300,True
ciciomt2024,1,4,s611659,smoothed_attacked,False,True,4,300,300,True
ciciomt2024,1,4,s611659,adaptive_equal_candidates,True,True,4,300,9000,True
ciciomt2024,1,4,s611659,adaptive_equal_queries,True,True,4,9,270,True
ciciomt2024,1,4,s763404,pointwise_clean,True,True,6,300,300,True
ciciomt2024,1,4,s763404,pointwise_attacked,True,True,6,300,300,True
ciciomt2024,1,4,s763404,smoothed_clean,False,True,6,300,300,True
ciciomt2024,1,4,s763404,smoothed_attacked,True,True,6,300,300,True
ciciomt2024,1,4,s763404,adaptive_equal_candidates,True,True,6,300,9000,True
ciciomt2024,1,4,s763404,adaptive_equal_queries,False,True,6,9,270,True
ciciomt2024,1,4,s171920,pointwise_clean,True,True,9,300,300,True
ciciomt2024,1,4,s171920,pointwise_attacked,True,True,9,300,300,True
ciciomt2024,1,4,s171920,smoothed_clean,False,True,9,300,300,True
ciciomt2024,1,4,s171920,smoothed_attacked,False,True,9,300,300,True
ciciomt2024,1,4,s171920,adaptive_equal_candidates,True,True,9,300,9000,True
ciciomt2024,1,4,s171920,adaptive_equal_queries,False,True,9,9,270,True
ciciomt2024,1,4,s291384,pointwise_clean,True,True,9,300,300,True
ciciomt2024,1,4,s291384,pointwise_attacked,True,True,9,300,300,True
ciciomt2024,1,4,s291384,smoothed_clean,True,True,9,300,300,True
ciciomt2024,1,4,s291384,smoothed_attacked,True,True,9,300,300,True
ciciomt2024,1,4,s291384,adaptive_equal_candidates,True,True,9,300,9000,True
ciciomt2024,1,4,s291384,adaptive_equal_queries,True,True,9,9,270,True
ciciomt2024,1,4,s641497,pointwise_clean,True,True,5,300,300,True
ciciomt2024,1,4,s641497,pointwise_attacked,True,True,5,300,300,True
ciciomt2024,1,4,s641497,smoothed_clean,True,True,5,300,300,True
ciciomt2024,1,4,s641497,smoothed_attacked,True,True,5,300,300,True
ciciomt2024,1,4,s641497,adaptive_equal_candidates,True,True,5,300,9000,True
ciciomt2024,1,4,s641497,adaptive_equal_queries,True,True,5,9,270,True
ciciomt2024,1,4,s674429,pointwise_clean,True,True,5,300,300,True
ciciomt2024,1,4,s674429,pointwise_attacked,True,True,5,300,300,True
ciciomt2024,1,4,s674429,smoothed_clean,True,True,5,300,300,True
ciciomt2024,1,4,s674429,smoothed_attacked,True,True,5,300,300,True
ciciomt2024,1,4,s674429,adaptive_equal_candidates,True,True,5,300,9000,True
ciciomt2024,1,4,s674429,adaptive_equal_queries,True,True,5,9,270,True
ciciomt2024,1,4,s172533,pointwise_clean,True,True,10,300,300,True
ciciomt2024,1,4,s172533,pointwise_attacked,True,True,10,300,300,True
ciciomt2024,1,4,s172533,smoothed_clean,False,True,10,300,300,True
ciciomt2024,1,4,s172533,smoothed_attacked,True,True,10,300,300,True
ciciomt2024,1,4,s172533,adaptive_equal_candidates,True,True,10,300,9000,True
ciciomt2024,1,4,s172533,adaptive_equal_queries,False,True,10,9,270,True
ciciomt2024,1,4,s313918,pointwise_clean,True,True,6,300,300,True
ciciomt2024,1,4,s313918,pointwise_attacked,False,False,6,300,300,True
ciciomt2024,1,4,s313918,smoothed_clean,False,True,6,300,300,True
ciciomt2024,1,4,s313918,smoothed_attacked,True,True,6,300,300,True
ciciomt2024,1,4,s313918,adaptive_equal_candidates,True,True,6,300,9000,True
ciciomt2024,1,4,s313918,adaptive_equal_queries,True,True,6,9,270,True
ciciomt2024,1,4,s775959,pointwise_clean,True,True,9,300,300,True
ciciomt2024,1,4,s775959,pointwise_attacked,True,True,9,300,300,True
ciciomt2024,1,4,s775959,smoothed_clean,True,True,9,300,300,True
ciciomt2024,1,4,s775959,smoothed_attacked,True,True,9,300,300,True
ciciomt2024,1,4,s775959,adaptive_equal_candidates,True,True,9,300,9000,True
ciciomt2024,1,4,s775959,adaptive_equal_queries,True,True,9,9,270,True
ciciomt2024,2,4,s762726,pointwise_clean,True,True,10,300,300,True
ciciomt2024,2,4,s762726,pointwise_attacked,True,True,10,300,300,True
ciciomt2024,2,4,s762726,smoothed_clean,True,True,10,300,300,True
ciciomt2024,2,4,s762726,smoothed_attacked,True,True,10,300,300,True
ciciomt2024,2,4,s762726,adaptive_equal_candidates,True,True,10,300,9000,True
ciciomt2024,2,4,s762726,adaptive_equal_queries,True,True,10,9,270,True
ciciomt2024,2,4,s289780,pointwise_clean,True,True,9,300,300,True
ciciomt2024,2,4,s289780,pointwise_attacked,True,True,9,300,300,True
ciciomt2024,2,4,s289780,smoothed_clean,True,True,9,300,300,True
ciciomt2024,2,4,s289780,smoothed_attacked,True,True,9,300,300,True
ciciomt2024,2,4,s289780,adaptive_equal_candidates,True,True,9,300,9000,True
ciciomt2024,2,4,s289780,adaptive_equal_queries,True,True,9,9,270,True
ciciomt2024,2,4,s194411,pointwise_clean,True,True,11,300,300,True
ciciomt2024,2,4,s194411,pointwise_attacked,True,True,11,300,300,True
ciciomt2024,2,4,s194411,smoothed_clean,True,True,11,300,300,True
ciciomt2024,2,4,s194411,smoothed_attacked,True,True,11,300,300,True
ciciomt2024,2,4,s194411,adaptive_equal_candidates,True,True,11,300,9000,True
ciciomt2024,2,4,s194411,adaptive_equal_queries,True,True,11,9,270,True
ciciomt2024,2,4,s262187,pointwise_clean,True,True,11,300,300,True
ciciomt2024,2,4,s262187,pointwise_attacked,True,True,11,300,300,True
ciciomt2024,2,4,s262187,smoothed_clean,True,True,11,300,300,True
ciciomt2024,2,4,s262187,smoothed_attacked,True,True,11,300,300,True
ciciomt2024,2,4,s262187,adaptive_equal_candidates,True,True,11,300,9000,True
ciciomt2024,2,4,s262187,adaptive_equal_queries,True,True,11,9,270,True
ciciomt2024,2,4,s778020,pointwise_clean,True,True,5,300,300,True
ciciomt2024,2,4,s778020,pointwise_attacked,True,True,5,300,300,True
ciciomt2024,2,4,s778020,smoothed_clean,True,True,5,300,300,True
ciciomt2024,2,4,s778020,smoothed_attacked,True,True,5,300,300,True
ciciomt2024,2,4,s778020,adaptive_equal_candidates,True,True,5,300,9000,True
ciciomt2024,2,4,s778020,adaptive_equal_queries,True,True,5,9,270,True
ciciomt2024,2,4,s292559,pointwise_clean,True,True,10,300,300,True
ciciomt2024,2,4,s292559,pointwise_attacked,True,True,10,300,300,True
ciciomt2024,2,4,s292559,smoothed_clean,True,True,10,300,300,True
ciciomt2024,2,4,s292559,smoothed_attacked,True,True,10,300,300,True
ciciomt2024,2,4,s292559,adaptive_equal_candidates,True,True,10,300,9000,True
ciciomt2024,2,4,s292559,adaptive_equal_queries,True,True,10,9,270,True
ciciomt2024,2,4,s191205,pointwise_clean,True,True,12,300,300,True
ciciomt2024,2,4,s191205,pointwise_attacked,True,True,12,300,300,True
ciciomt2024,2,4,s191205,smoothed_clean,True,True,12,300,300,True
ciciomt2024,2,4,s191205,smoothed_attacked,True,True,12,300,300,True
ciciomt2024,2,4,s191205,adaptive_equal_candidates,True,True,12,300,9000,True
ciciomt2024,2,4,s191205,adaptive_equal_queries,True,True,12,9,270,True
ciciomt2024,2,4,s760118,pointwise_clean,True,True,8,300,300,True
ciciomt2024,2,4,s760118,pointwise_attacked,True,True,8,300,300,True
ciciomt2024,2,4,s760118,smoothed_clean,True,True,8,300,300,True
ciciomt2024,2,4,s760118,smoothed_attacked,True,True,8,300,300,True
ciciomt2024,2,4,s760118,adaptive_equal_candidates,True,True,8,300,9000,True
ciciomt2024,2,4,s760118,adaptive_equal_queries,True,True,8,9,270,True
ciciomt2024,2,4,s761167,pointwise_clean,True,True,7,300,300,True
ciciomt2024,2,4,s761167,pointwise_attacked,True,True,7,300,300,True
ciciomt2024,2,4,s761167,smoothed_clean,True,True,7,300,300,True
ciciomt2024,2,4,s761167,smoothed_attacked,True,True,7,300,300,True
ciciomt2024,2,4,s761167,adaptive_equal_candidates,True,True,7,300,9000,True
ciciomt2024,2,4,s761167,adaptive_equal_queries,True,True,7,9,270,True
ciciomt2024,2,4,s622912,pointwise_clean,True,True,7,300,300,True
ciciomt2024,2,4,s622912,pointwise_attacked,True,True,7,300,300,True
ciciomt2024,2,4,s622912,smoothed_clean,True,True,7,300,300,True
ciciomt2024,2,4,s622912,smoothed_attacked,True,True,7,300,300,True
ciciomt2024,2,4,s622912,adaptive_equal_candidates,True,True,7,300,9000,True
ciciomt2024,2,4,s622912,adaptive_equal_queries,True,True,7,9,270,True
ciciomt2024,2,4,s733043,pointwise_clean,True,True,11,300,300,True
ciciomt2024,2,4,s733043,pointwise_attacked,True,True,11,300,300,True
ciciomt2024,2,4,s733043,smoothed_clean,True,True,11,300,300,True
ciciomt2024,2,4,s733043,smoothed_attacked,True,True,11,300,300,True
ciciomt2024,2,4,s733043,adaptive_equal_candidates,True,True,11,300,9000,True
ciciomt2024,2,4,s733043,adaptive_equal_queries,True,True,11,9,270,True
ciciomt2024,2,4,s650872,pointwise_clean,True,True,7,300,300,True
ciciomt2024,2,4,s650872,pointwise_attacked,True,True,7,300,300,True
ciciomt2024,2,4,s650872,smoothed_clean,True,True,7,300,300,True
ciciomt2024,2,4,s650872,smoothed_attacked,True,True,7,300,300,True
ciciomt2024,2,4,s650872,adaptive_equal_candidates,True,True,7,300,9000,True
ciciomt2024,2,4,s650872,adaptive_equal_queries,True,True,7,9,270,True
ciciomt2024,2,4,s279031,pointwise_clean,True,True,9,300,300,True
ciciomt2024,2,4,s279031,pointwise_attacked,True,True,9,300,300,True
ciciomt2024,2,4,s279031,smoothed_clean,True,True,9,300,300,True
ciciomt2024,2,4,s279031,smoothed_attacked,True,True,9,300,300,True
ciciomt2024,2,4,s279031,adaptive_equal_candidates,True,True,9,300,9000,True
ciciomt2024,2,4,s279031,adaptive_equal_queries,True,True,9,9,270,True
ciciomt2024,2,4,s774180,pointwise_clean,True,True,7,300,300,True
ciciomt2024,2,4,s774180,pointwise_attacked,True,True,7,300,300,True
ciciomt2024,2,4,s774180,smoothed_clean,True,True,7,300,300,True
ciciomt2024,2,4,s774180,smoothed_attacked,True,True,7,300,300,True
ciciomt2024,2,4,s774180,adaptive_equal_candidates,True,True,7,300,9000,True
ciciomt2024,2,4,s774180,adaptive_equal_queries,True,True,7,9,270,True
ciciomt2024,2,4,s602414,pointwise_clean,True,True,8,300,300,True
ciciomt2024,2,4,s602414,pointwise_attacked,True,True,8,300,300,True
ciciomt2024,2,4,s602414,smoothed_clean,True,True,8,300,300,True
ciciomt2024,2,4,s602414,smoothed_attacked,True,True,8,300,300,True
ciciomt2024,2,4,s602414,adaptive_equal_candidates,True,True,8,300,9000,True
ciciomt2024,2,4,s602414,adaptive_equal_queries,True,True,8,9,270,True
ciciomt2024,3,4,s585464,pointwise_clean,True,True,8,300,300,True
ciciomt2024,3,4,s585464,pointwise_attacked,True,True,8,300,300,True
ciciomt2024,3,4,s585464,smoothed_clean,True,True,8,300,300,True
ciciomt2024,3,4,s585464,smoothed_attacked,True,True,8,300,300,True
ciciomt2024,3,4,s585464,adaptive_equal_candidates,True,True,8,300,9000,True
ciciomt2024,3,4,s585464,adaptive_equal_queries,True,True,8,9,270,True
ciciomt2024,3,4,s767054,pointwise_clean,True,True,5,300,300,True
ciciomt2024,3,4,s767054,pointwise_attacked,True,True,5,300,300,True
ciciomt2024,3,4,s767054,smoothed_clean,True,True,5,300,300,True
ciciomt2024,3,4,s767054,smoothed_attacked,True,True,5,300,300,True
ciciomt2024,3,4,s767054,adaptive_equal_candidates,True,True,5,300,9000,True
ciciomt2024,3,4,s767054,adaptive_equal_queries,True,True,5,9,270,True
ciciomt2024,3,4,s767043,pointwise_clean,True,True,8,300,300,True
ciciomt2024,3,4,s767043,pointwise_attacked,True,True,8,300,300,True
ciciomt2024,3,4,s767043,smoothed_clean,True,True,8,300,300,True
ciciomt2024,3,4,s767043,smoothed_attacked,True,True,8,300,300,True
ciciomt2024,3,4,s767043,adaptive_equal_candidates,True,True,8,300,9000,True
ciciomt2024,3,4,s767043,adaptive_equal_queries,True,True,8,9,270,True
ciciomt2024,3,4,s707607,pointwise_clean,True,True,8,300,300,True
ciciomt2024,3,4,s707607,pointwise_attacked,True,True,8,300,300,True
ciciomt2024,3,4,s707607,smoothed_clean,True,True,8,300,300,True
ciciomt2024,3,4,s707607,smoothed_attacked,True,True,8,300,300,True
ciciomt2024,3,4,s707607,adaptive_equal_candidates,True,True,8,300,9000,True
ciciomt2024,3,4,s707607,adaptive_equal_queries,True,True,8,9,270,True
ciciomt2024,3,4,s738414,pointwise_clean,True,True,11,300,300,True
ciciomt2024,3,4,s738414,pointwise_attacked,True,True,11,300,300,True
ciciomt2024,3,4,s738414,smoothed_clean,True,True,11,300,300,True
ciciomt2024,3,4,s738414,smoothed_attacked,True,True,11,300,300,True
ciciomt2024,3,4,s738414,adaptive_equal_candidates,True,True,11,300,9000,True
ciciomt2024,3,4,s738414,adaptive_equal_queries,True,True,11,9,270,True
ciciomt2024,3,4,s620783,pointwise_clean,True,True,8,300,300,True
ciciomt2024,3,4,s620783,pointwise_attacked,True,True,8,300,300,True
ciciomt2024,3,4,s620783,smoothed_clean,True,True,8,300,300,True
ciciomt2024,3,4,s620783,smoothed_attacked,True,True,8,300,300,True
ciciomt2024,3,4,s620783,adaptive_equal_candidates,True,True,8,300,9000,True
ciciomt2024,3,4,s620783,adaptive_equal_queries,True,True,8,9,270,True
ciciomt2024,3,4,s649403,pointwise_clean,True,True,5,300,300,True
ciciomt2024,3,4,s649403,pointwise_attacked,True,True,5,300,300,True
ciciomt2024,3,4,s649403,smoothed_clean,True,True,5,300,300,True
ciciomt2024,3,4,s649403,smoothed_attacked,True,True,5,300,300,True
ciciomt2024,3,4,s649403,adaptive_equal_candidates,False,True,5,300,9000,True
ciciomt2024,3,4,s649403,adaptive_equal_queries,True,True,5,9,270,True
ciciomt2024,3,4,s201462,pointwise_clean,True,True,9,300,300,True
ciciomt2024,3,4,s201462,pointwise_attacked,True,True,9,300,300,True
ciciomt2024,3,4,s201462,smoothed_clean,True,True,9,300,300,True
ciciomt2024,3,4,s201462,smoothed_attacked,True,True,9,300,300,True
ciciomt2024,3,4,s201462,adaptive_equal_candidates,True,True,9,300,9000,True
ciciomt2024,3,4,s201462,adaptive_equal_queries,True,True,9,9,270,True
ciciomt2024,3,4,s227241,pointwise_clean,True,True,10,300,300,True
ciciomt2024,3,4,s227241,pointwise_attacked,False,True,10,300,300,True
ciciomt2024,3,4,s227241,smoothed_clean,True,True,10,300,300,True
ciciomt2024,3,4,s227241,smoothed_attacked,True,True,10,300,300,True
ciciomt2024,3,4,s227241,adaptive_equal_candidates,True,True,10,300,9000,True
ciciomt2024,3,4,s227241,adaptive_equal_queries,True,True,10,9,270,True
ciciomt2024,3,4,s203100,pointwise_clean,True,True,11,300,300,True
ciciomt2024,3,4,s203100,pointwise_attacked,True,True,11,300,300,True
ciciomt2024,3,4,s203100,smoothed_clean,True,True,11,300,300,True
ciciomt2024,3,4,s203100,smoothed_attacked,True,True,11,300,300,True
ciciomt2024,3,4,s203100,adaptive_equal_candidates,True,True,11,300,9000,True
ciciomt2024,3,4,s203100,adaptive_equal_queries,True,True,11,9,270,True
ciciomt2024,3,4,s614637,pointwise_clean,True,True,9,300,300,True
ciciomt2024,3,4,s614637,pointwise_attacked,True,True,9,300,300,True
ciciomt2024,3,4,s614637,smoothed_clean,True,True,9,300,300,True
ciciomt2024,3,4,s614637,smoothed_attacked,True,True,9,300,300,True
ciciomt2024,3,4,s614637,adaptive_equal_candidates,True,True,9,300,9000,True
ciciomt2024,3,4,s614637,adaptive_equal_queries,True,True,9,9,270,True
ciciomt2024,3,4,s218608,pointwise_clean,True,True,9,300,300,True
ciciomt2024,3,4,s218608,pointwise_attacked,True,True,9,300,300,True
ciciomt2024,3,4,s218608,smoothed_clean,True,True,9,300,300,True
ciciomt2024,3,4,s218608,smoothed_attacked,True,True,9,300,300,True
ciciomt2024,3,4,s218608,adaptive_equal_candidates,True,True,9,300,9000,True
ciciomt2024,3,4,s218608,adaptive_equal_queries,True,True,9,9,270,True
ciciomt2024,3,4,s777062,pointwise_clean,True,True,7,300,300,True
ciciomt2024,3,4,s777062,pointwise_attacked,True,True,7,300,300,True
ciciomt2024,3,4,s777062,smoothed_clean,True,True,7,300,300,True
ciciomt2024,3,4,s777062,smoothed_attacked,True,True,7,300,300,True
ciciomt2024,3,4,s777062,adaptive_equal_candidates,True,True,7,300,9000,True
ciciomt2024,3,4,s777062,adaptive_equal_queries,True,True,7,9,270,True
ciciomt2024,3,4,s733039,pointwise_clean,True,True,12,300,300,True
ciciomt2024,3,4,s733039,pointwise_attacked,True,True,12,300,300,True
ciciomt2024,3,4,s733039,smoothed_clean,True,True,12,300,300,True
ciciomt2024,3,4,s733039,smoothed_attacked,True,True,12,300,300,True
ciciomt2024,3,4,s733039,adaptive_equal_candidates,True,True,12,300,9000,True
ciciomt2024,3,4,s733039,adaptive_equal_queries,True,True,12,9,270,True
ciciomt2024,3,4,s699363,pointwise_clean,True,True,8,300,300,True
ciciomt2024,3,4,s699363,pointwise_attacked,True,True,8,300,300,True
ciciomt2024,3,4,s699363,smoothed_clean,True,True,8,300,300,True
ciciomt2024,3,4,s699363,smoothed_attacked,False,True,8,300,300,True
ciciomt2024,3,4,s699363,adaptive_equal_candidates,True,True,8,300,9000,True
ciciomt2024,3,4,s699363,adaptive_equal_queries,True,True,8,9,270,True
ciciomt2024,4,4,s227347,pointwise_clean,True,True,3,300,300,True
ciciomt2024,4,4,s227347,pointwise_attacked,True,True,3,300,300,True
ciciomt2024,4,4,s227347,smoothed_clean,True,True,3,300,300,True
ciciomt2024,4,4,s227347,smoothed_attacked,True,True,3,300,300,True
ciciomt2024,4,4,s227347,adaptive_equal_candidates,False,True,3,300,9000,True
ciciomt2024,4,4,s227347,adaptive_equal_queries,True,True,3,9,270,True
ciciomt2024,4,4,s311749,pointwise_clean,False,True,9,300,300,True
ciciomt2024,4,4,s311749,pointwise_attacked,True,True,9,300,300,True
ciciomt2024,4,4,s311749,smoothed_clean,True,True,9,300,300,True
ciciomt2024,4,4,s311749,smoothed_attacked,True,True,9,300,300,True
ciciomt2024,4,4,s311749,adaptive_equal_candidates,False,True,9,300,9000,True
ciciomt2024,4,4,s311749,adaptive_equal_queries,True,True,9,9,270,True
ciciomt2024,4,4,s272669,pointwise_clean,False,True,11,300,300,True
ciciomt2024,4,4,s272669,pointwise_attacked,True,True,11,300,300,True
ciciomt2024,4,4,s272669,smoothed_clean,True,True,11,300,300,True
ciciomt2024,4,4,s272669,smoothed_attacked,True,True,11,300,300,True
ciciomt2024,4,4,s272669,adaptive_equal_candidates,True,True,11,300,9000,True
ciciomt2024,4,4,s272669,adaptive_equal_queries,False,True,11,9,270,True
ciciomt2024,4,4,s766192,pointwise_clean,False,True,9,300,300,True
ciciomt2024,4,4,s766192,pointwise_attacked,True,True,9,300,300,True
ciciomt2024,4,4,s766192,smoothed_clean,False,True,9,300,300,True
ciciomt2024,4,4,s766192,smoothed_attacked,True,True,9,300,300,True
ciciomt2024,4,4,s766192,adaptive_equal_candidates,False,True,9,300,9000,True
ciciomt2024,4,4,s766192,adaptive_equal_queries,True,True,9,9,270,True
ciciomt2024,4,4,s581153,pointwise_clean,True,True,4,300,300,True
ciciomt2024,4,4,s581153,pointwise_attacked,True,True,4,300,300,True
ciciomt2024,4,4,s581153,smoothed_clean,True,True,4,300,300,True
ciciomt2024,4,4,s581153,smoothed_attacked,True,True,4,300,300,True
ciciomt2024,4,4,s581153,adaptive_equal_candidates,True,True,4,300,9000,True
ciciomt2024,4,4,s581153,adaptive_equal_queries,True,True,4,9,270,True
ciciomt2024,4,4,s736900,pointwise_clean,True,True,3,300,300,True
ciciomt2024,4,4,s736900,pointwise_attacked,True,True,3,300,300,True
ciciomt2024,4,4,s736900,smoothed_clean,True,True,3,300,300,True
ciciomt2024,4,4,s736900,smoothed_attacked,True,True,3,300,300,True
ciciomt2024,4,4,s736900,adaptive_equal_candidates,True,True,3,300,9000,True
ciciomt2024,4,4,s736900,adaptive_equal_queries,True,True,3,9,270,True
ciciomt2024,4,4,s657358,pointwise_clean,True,True,3,300,300,True
ciciomt2024,4,4,s657358,pointwise_attacked,True,True,3,300,300,True
ciciomt2024,4,4,s657358,smoothed_clean,True,True,3,300,300,True
ciciomt2024,4,4,s657358,smoothed_attacked,True,True,3,300,300,True
ciciomt2024,4,4,s657358,adaptive_equal_candidates,True,True,3,300,9000,True
ciciomt2024,4,4,s657358,adaptive_equal_queries,True,True,3,9,270,True
ciciomt2024,4,4,s249902,pointwise_clean,False,True,11,300,300,True
ciciomt2024,4,4,s249902,pointwise_attacked,False,True,11,300,300,True
ciciomt2024,4,4,s249902,smoothed_clean,True,True,11,300,300,True
ciciomt2024,4,4,s249902,smoothed_attacked,True,True,11,300,300,True
ciciomt2024,4,4,s249902,adaptive_equal_candidates,True,True,11,300,9000,True
ciciomt2024,4,4,s249902,adaptive_equal_queries,True,True,11,9,270,True
ciciomt2024,4,4,s231883,pointwise_clean,False,True,9,300,300,True
ciciomt2024,4,4,s231883,pointwise_attacked,True,True,9,300,300,True
ciciomt2024,4,4,s231883,smoothed_clean,False,True,9,300,300,True
ciciomt2024,4,4,s231883,smoothed_attacked,False,True,9,300,300,True
ciciomt2024,4,4,s231883,adaptive_equal_candidates,False,True,9,300,9000,True
ciciomt2024,4,4,s231883,adaptive_equal_queries,False,True,9,9,270,True
ciciomt2024,4,4,s664810,pointwise_clean,True,True,11,300,300,True
ciciomt2024,4,4,s664810,pointwise_attacked,True,True,11,300,300,True
ciciomt2024,4,4,s664810,smoothed_clean,True,True,11,300,300,True
ciciomt2024,4,4,s664810,smoothed_attacked,True,True,11,300,300,True
ciciomt2024,4,4,s664810,adaptive_equal_candidates,True,True,11,300,9000,True
ciciomt2024,4,4,s664810,adaptive_equal_queries,True,True,11,9,270,True
ciciomt2024,4,4,s735711,pointwise_clean,False,True,3,300,300,True
ciciomt2024,4,4,s735711,pointwise_attacked,False,True,3,300,300,True
ciciomt2024,4,4,s735711,smoothed_clean,True,True,3,300,300,True
ciciomt2024,4,4,s735711,smoothed_attacked,False,True,3,300,300,True
ciciomt2024,4,4,s735711,adaptive_equal_candidates,False,True,3,300,9000,True
ciciomt2024,4,4,s735711,adaptive_equal_queries,False,True,3,9,270,True
ciciomt2024,4,4,s674750,pointwise_clean,False,True,11,300,300,True
ciciomt2024,4,4,s674750,pointwise_attacked,True,True,11,300,300,True
ciciomt2024,4,4,s674750,smoothed_clean,True,True,11,300,300,True
ciciomt2024,4,4,s674750,smoothed_attacked,True,True,11,300,300,True
ciciomt2024,4,4,s674750,adaptive_equal_candidates,True,True,11,300,9000,True
ciciomt2024,4,4,s674750,adaptive_equal_queries,True,True,11,9,270,True
ciciomt2024,4,4,s199007,pointwise_clean,True,True,3,300,300,True
ciciomt2024,4,4,s199007,pointwise_attacked,False,False,3,300,300,True
ciciomt2024,4,4,s199007,smoothed_clean,True,True,3,300,300,True
ciciomt2024,4,4,s199007,smoothed_attacked,False,True,3,300,300,True
ciciomt2024,4,4,s199007,adaptive_equal_candidates,True,True,3,300,9000,True
ciciomt2024,4,4,s199007,adaptive_equal_queries,True,True,3,9,270,True
ciciomt2024,4,4,s718732,pointwise_clean,True,True,10,300,300,True
ciciomt2024,4,4,s718732,pointwise_attacked,False,True,10,300,300,True
ciciomt2024,4,4,s718732,smoothed_clean,True,True,10,300,300,True
ciciomt2024,4,4,s718732,smoothed_attacked,False,True,10,300,300,True
ciciomt2024,4,4,s718732,adaptive_equal_candidates,False,True,10,300,9000,True
ciciomt2024,4,4,s718732,adaptive_equal_queries,False,True,10,9,270,True
ciciomt2024,4,4,s216483,pointwise_clean,False,True,10,300,300,True
ciciomt2024,4,4,s216483,pointwise_attacked,False,True,10,300,300,True
ciciomt2024,4,4,s216483,smoothed_clean,True,True,10,300,300,True
ciciomt2024,4,4,s216483,smoothed_attacked,False,True,10,300,300,True
ciciomt2024,4,4,s216483,adaptive_equal_candidates,False,True,10,300,9000,True
ciciomt2024,4,4,s216483,adaptive_equal_queries,False,True,10,9,270,True
